,ir,sharpe,ann_active,beta,turnover,max_dd
pred_ew,0.6728861821859731,0.9823011820031204,0.08698817867053932,0.010600781605973268,0.1773697233616346,-0.09580385212141784
pred_lgbm_all,0.9429478672038517,1.2448186950923155,0.12494719993973769,0.011594523088109543,0.17793295188574998,-0.09868369654309483
pred_blend,0.7832846467304891,1.0908233657778055,0.10187785774187047,-0.02916638477543919,0.1655137896356563,-0.11009521126895438
pred_gate,-0.2870696578720972,-0.002005850211613533,-0.04028145982165544,-0.12839623153681454,0.2245224559654151,-0.31281771114634027
pred_gate_notext,-0.2837828446520088,0.006470263554661263,-0.039108328094105485,-0.12659571220643476,0.21931219902996185,-0.30921194693945775
pred_ew_notext,0.7424890828072608,1.0605844900624428,0.09336684100083487,-0.014094589354706137,0.15913460667110876,-0.09135744185554862
pred_ridge,0.8873936983151923,1.221912756627292,0.10610979270272515,0.03359336305644407,0.17690016385939067,-0.07330150613063013
pred_spec_investment_growth,0.5155818219737124,0.9248016799783676,0.050396559393542165,-0.11357188724404768,0.13591297049473297,-0.06870543024470344
pred_spec_momentum,0.396344958542879,0.7074635020687622,0.05095742015903408,0.20195601845675562,0.33253331227947214,-0.14584477746317437
pred_spec_quality,0.41140969215848183,0.7639551332048646,0.04667877036643956,-0.08257527555206262,0.11496991035148686,-0.10984844323116216
pred_spec_text,-0.6094292333822083,-0.007906325553301207,-0.040525753912304875,0.12412332695092729,0.4267603134423867,-0.1208309974290952
pred_spec_value,0.04800160464801866,0.44684446322429694,0.0048140869132637,0.1492355844134466,0.13261254153982446,-0.10910961858198853
