permno,ticker,company_name,total_contrib_gross,label
89301,GME,GAMESTOP CORP NEW,0.08073638485659827,"GME, GAMESTOP CORP NEW"
19599,QS,QuantumScape Corp,0.03815290964002817,"QS, QuantumScape Corp"
82670,TGTX,T G THERAPEUTICS INC,0.028273030356462652,"TGTX, T G THERAPEUTICS INC"
84819,SBET,SHARPLINK GAMING INC,0.027153860870669323,"SBET, SHARPLINK GAMING INC"
20178,RKLB,Rocket Lab Corp,0.02158720019785641,"RKLB, Rocket Lab Corp"
19751,LCID,"Lucid Group, Inc.",0.020499534906025397,"LCID, Lucid Group, Inc."
84275,UNFI,UNITED NATURAL FOODS INC,0.02034875202812344,"UNFI, UNITED NATURAL FOODS INC"
18938,HIMS,"Hims & Hers Health, Inc.",0.01934405376873833,"HIMS, Hims & Hers Health, Inc."
19681,PRLD,PRELUDE THERAPEUTICS INC,0.019001460000715883,"PRLD, PRELUDE THERAPEUTICS INC"
19224,AEVA,"Aeva Technologies, Inc.",0.018321902029708608,"AEVA, Aeva Technologies, Inc."
26181,SNDK,Sandisk Corp,-0.04647057133600459,"SNDK, Sandisk Corp"
19076,ASTS,"AST SpaceMobile, Inc.",-0.03383842115499683,"ASTS, AST SpaceMobile, Inc."
23263,QBTS,D-Wave Quantum Inc.,-0.028454620270005396,"QBTS, D-Wave Quantum Inc."
21619,OKLO,Oklo Inc.,-0.027113237378267794,"OKLO, Oklo Inc."
20870,RXDX,PROMETHEUS BIOSCIENCES INC,-0.02677652611006557,"RXDX, PROMETHEUS BIOSCIENCES INC"
20357,IONQ,"IonQ, Inc.",-0.02672257091165786,"IONQ, IonQ, Inc."
15303,VKTX,"Viking Therapeutics, Inc.",-0.021320310691877214,"VKTX, Viking Therapeutics, Inc."
92213,RIOT,"Riot Platforms, Inc.",-0.020171570311954382,"RIOT, Riot Platforms, Inc."
86211,MSTR,Strategy Inc,-0.017633676180420783,"MSTR, Strategy Inc"
18772,AKRO,AKERO THERAPEUTICS INC,-0.017493863194110094,"AKRO, AKERO THERAPEUTICS INC"
