test_year,candidate,valid_mean_ic,chosen
2021,pred_ew,0.016330193323028656,False
2021,pred_lgbm_all,0.03158669506204511,True
2021,pred_blend,0.026498925900364973,False
2022,pred_ew,0.074749940011178,False
2022,pred_lgbm_all,0.07250946674393308,False
2022,pred_blend,0.08052369219937164,True
2023,pred_ew,-0.015315245972960996,False
2023,pred_lgbm_all,0.025844329484775882,True
2023,pred_blend,0.004108637804706041,False
2024,pred_ew,0.048129586249808766,False
2024,pred_lgbm_all,0.06174212441488632,True
2024,pred_blend,0.05612861175977662,False
2025,pred_ew,0.04456985469741937,False
2025,pred_lgbm_all,0.05196537765657405,False
2025,pred_blend,0.05265706773712205,True
2026,pred_ew,0.039111649138975114,True
2026,pred_lgbm_all,0.012978698258821341,False
2026,pred_blend,0.029828817978968736,False
