,value,se,t_stat,n_obs
beta_full_period,-0.10706722728381803,0.09722334234965906,-1.10125022135894,68.0
beta_2021,0.5069936736191815,0.3999874610137898,1.2675239177102668,12.0
beta_2022,-0.14742904659908937,0.09463780069947254,-1.5578240989270058,12.0
beta_2023,0.13250419234830232,0.05802158965934689,2.283704964415031,12.0
beta_2024,-0.35178588264640887,0.3337147805834706,-1.05415133855127,12.0
beta_2025,-0.1826004087576289,0.2058740258464068,-0.8869521446763698,12.0
beta_2026,-0.39414990945667117,0.14532065811493206,-2.712277212128668,8.0
avg_ex_ante_beta,0.07000015454675243,,,68.0
avg_net_exposure,-2.219425623676209e-18,,,68.0
min_net_exposure,-2.7755575615628914e-16,,,68.0
max_net_exposure,3.122502256758253e-16,,,68.0
corr_sp500,-0.12929069152616648,,,68.0
