feature,group,ic_mean,ic_t,p_value,bh_pass,lasso_freq,selected,test_year
age,risk_liquidity,0.014742343510090865,0.9938876909940746,0.32027754758788607,False,0.0,False,2021
aliq_at,quality,-0.004718970132959972,-0.3537045710928701,0.723560296548265,False,0.0,False,2021
aliq_mat,quality,-0.00993684977561206,-0.757342612226346,0.4488446278553564,False,0.0,False,2021
ami_126d,risk_liquidity,-0.010507715805128935,-0.4893641877078061,0.6245838854056243,False,0.0,False,2021
at_be,quality,0.03154438401180443,2.286866375874503,0.022203623750033596,False,0.0,False,2021
at_gr1,investment_growth,0.01462400637801612,1.2186612213858619,0.22297280208536074,False,0.0,False,2021
at_me,value,0.025596063947364116,1.1644890745581518,0.24422586838853255,False,0.0,False,2021
at_turnover,quality,-0.0038704711705335143,-0.25122397277488623,0.8016409511776799,False,0.0,False,2021
be_gr1a,investment_growth,0.00596709290711693,0.6797755032156817,0.4966466199359525,False,0.0,False,2021
be_me,value,0.01637793580096903,0.8453872395112962,0.39789466671365226,False,0.0,False,2021
beta_60m,risk_liquidity,-0.013159052860112855,-0.5732486165583747,0.5664763709882386,False,0.0,False,2021
beta_dimson_21d,risk_liquidity,-0.0135293430014949,-0.7400447947177232,0.45927281430542344,False,0.0,False,2021
betabab_1260d,risk_liquidity,-0.024712069062067882,-0.9409597448967286,0.3467254887180873,False,0.0,False,2021
betadown_252d,risk_liquidity,-0.013254486567213276,-0.57839908512291,0.5629947114849454,False,0.0,False,2021
bev_mev,value,0.009462424386124548,0.5040073864983818,0.6142561863661609,False,0.0,False,2021
bidaskhl_21d,risk_liquidity,-0.04211185575424435,-1.8429179987185498,0.06534098396850552,False,0.0,False,2021
capex_abn,investment_growth,-0.004183054037501587,-1.025672340067257,0.30504605639830995,False,0.0,False,2021
capx_gr1,investment_growth,-0.007631681024365666,-1.093029783913673,0.2743807229921267,False,0.0,False,2021
capx_gr2,investment_growth,-0.0039792477984319065,-0.42589032098734897,0.6701877680799748,False,0.0,False,2021
capx_gr3,investment_growth,-0.005324369117393022,-0.5959325210147356,0.5512203066413308,False,0.0,False,2021
cash_at,quality,-0.012836839593201518,-0.6799442060997417,0.4965397894835295,False,0.05,False,2021
chcsho_12m,investment_growth,-0.016560874336397465,-1.2451196588470967,0.213087768853079,False,0.0,False,2021
coa_gr1a,investment_growth,0.012433159728533484,1.155464449903482,0.2479002824810168,False,0.0,False,2021
col_gr1a,investment_growth,0.008183808902421263,0.6772748713179264,0.49823157134629303,False,0.0,False,2021
cop_at,quality,-0.00020138489029626776,-0.013051861049324301,0.9895864172406788,False,0.0,False,2021
cop_atl1,quality,0.0007010512228726764,0.04494442521760497,0.964151606398115,False,0.0,False,2021
corr_1260d,risk_liquidity,0.022306060626028714,1.634566029352348,0.10214005383808877,False,0.0,False,2021
coskew_21d,risk_liquidity,-0.004197190236288177,-0.34546524156296,0.7297446368177831,False,0.05,False,2021
cowc_gr1a,investment_growth,0.005173363642201065,0.8924066264289049,0.3721750206438834,False,0.0,False,2021
dbnetis_at,investment_growth,0.0030322460389390162,0.39442421639928005,0.6932678678023498,False,0.0,False,2021
debt_gr3,investment_growth,0.004372883016088917,1.0927250952594283,0.274514517961463,False,0.0,False,2021
debt_me,value,0.013363957123105867,0.9120322662280413,0.3617517323484303,False,0.0,False,2021
dgp_dsale,quality,0.013130839427446393,1.6184212317587314,0.10557184942915376,False,0.0,False,2021
div12m_me,value,0.02750726428125626,1.6831978804414383,0.09233679101185532,False,0.05,False,2021
dolvol_126d,risk_liquidity,0.0013090100544636987,0.060051249259179824,0.9521148172994909,False,0.0,False,2021
dolvol_var_126d,risk_liquidity,-0.016834848429876523,-1.4059699310859999,0.1597330537649606,False,0.0,False,2021
dsale_dinv,quality,0.010032215922107655,1.7606694412581085,0.07829436783632326,False,0.0,False,2021
dsale_drec,quality,-0.02346882986747268,-3.3633296620829167,0.0007700834358133068,True,0.0,True,2021
dsale_dsga,quality,0.012418850089775491,1.48701035846786,0.13701207515546088,False,0.0,False,2021
earnings_variability,quality,-0.014208947101712352,-1.2806336730632435,0.200322366720582,False,0.0,False,2021
ebit_bev,quality,0.034998266540172296,2.580958848613951,0.00985263255602864,False,0.0,False,2021
ebit_sale,quality,0.051170940641331895,2.8553265282161813,0.004299260210631317,False,0.05,True,2021
ebitda_mev,value,0.033917473596026405,1.870015535817407,0.06148166048377002,False,0.05,True,2021
emp_gr1,investment_growth,-0.007667258958423944,-0.550032051096469,0.5822973903172972,False,0.0,False,2021
eq_dur,value,-0.024403511795558178,-1.389713782126715,0.16461580802297426,False,0.0,False,2021
eqnetis_at,investment_growth,-0.023492988414383686,-1.5701645295269973,0.11637683923955588,False,0.0,False,2021
eqnpo_12m,investment_growth,0.017737176103789963,1.148177889029062,0.25089513516256634,False,0.0,False,2021
eqnpo_me,value,0.02698970429865879,1.6954503418964124,0.08999002287977054,False,0.0,False,2021
eqpo_me,value,0.024799475246723587,1.7246468600766056,0.08459113306754062,False,0.0,False,2021
f_score,quality,0.014137253588202371,1.2314059355278828,0.21817107813206205,False,0.0,False,2021
fcf_me,value,0.04222766136885011,3.3303563157634124,0.0008673491493318419,True,0.0,True,2021
fnl_gr1a,investment_growth,0.0011780906649079895,0.18433255338452473,0.8537525775557093,False,0.0,False,2021
gp_at,quality,0.0042361591120321325,0.24900014810655483,0.8033606668491864,False,0.0,False,2021
gp_atl1,quality,0.0035948121417146406,0.21406297825139808,0.8304979456734358,False,0.0,False,2021
intrinsic_value,value,0.002382752254261049,0.1432962332643376,0.8860562305534188,False,0.0,False,2021
inv_gr1,investment_growth,-0.001698993049829265,-0.22507849692569679,0.821918208779775,False,0.0,False,2021
inv_gr1a,investment_growth,-0.002972211507166109,-0.3874120651769608,0.6984511731373066,False,0.0,False,2021
iskew_capm_21d,risk_liquidity,-0.008932597323635539,-1.340988362394316,0.179924231063461,False,0.0,False,2021
iskew_ff3_21d,risk_liquidity,-0.0058076875538210825,-1.1839971032016672,0.2364142095184838,False,0.0,False,2021
iskew_hxz4_21d,risk_liquidity,-0.00788182353257382,-1.8843597715828817,0.05951632745069113,False,0.0,False,2021
ivol_capm_21d,risk_liquidity,-0.04827753110496639,-2.304179953212446,0.021212544043555326,False,0.0,False,2021
ivol_capm_252d,risk_liquidity,-0.0542463339602624,-2.353237334380238,0.01861075125463718,False,0.05,True,2021
ivol_ff3_21d,risk_liquidity,-0.04744371692020152,-2.3776886088568534,0.017421530906434057,False,0.0,True,2021
ivol_hxz4_21d,risk_liquidity,-0.04592466588826775,-2.321772163621831,0.02024520687692344,False,0.0,False,2021
kz_index,quality,-0.024413551675624406,-1.820410922983842,0.06869645024568194,False,0.05,False,2021
lnoa_gr1a,investment_growth,0.003317902376062719,0.4242450310213393,0.6713871231014155,False,0.0,False,2021
lti_gr1a,investment_growth,0.012073214317804483,2.2706791851793344,0.0231664059713228,False,0.0,True,2021
market_equity,risk_liquidity,0.014319380281309635,0.6952117239420944,0.4869226261212969,False,0.0,False,2021
mispricing_mgmt,investment_growth,-0.0012951301538406464,-0.12656817041667384,0.8992821906180892,False,0.0,False,2021
mispricing_perf,quality,0.023308314639610046,1.1132351796526074,0.2656074373214423,False,0.0,False,2021
ncoa_gr1a,investment_growth,0.0078940566813944,0.9255454489966531,0.354682254026474,False,0.0,False,2021
ncol_gr1a,investment_growth,0.009990287605372992,1.2801019510626952,0.20050928258359724,False,0.0,False,2021
netdebt_me,value,0.002938280953968033,0.2183015771157921,0.8271941457323848,False,0.0,False,2021
netis_at,investment_growth,-0.008254449381399695,-0.6482564705481403,0.5168190830955557,False,0.0,False,2021
nfna_gr1a,investment_growth,-0.0026615679657270193,-0.45049952246766933,0.6523502984337299,False,0.0,False,2021
ni_ar1,quality,0.0013322654686618962,0.3021141854769887,0.7625650189696027,False,0.0,False,2021
ni_be,quality,0.03458996924520137,2.1958198667526725,0.028104839102014223,False,0.0,False,2021
ni_inc8q,quality,0.018612960163331246,1.9719620992235873,0.04861393330717578,False,0.0,False,2021
ni_ivol,quality,-0.03195100436495506,-1.9345173334951375,0.0530495529885302,False,0.0,False,2021
ni_me,value,0.042676259178771235,2.5157251311767146,0.011878778433165316,False,0.05,True,2021
niq_at,quality,0.03375268394570493,1.8529189800922354,0.06389397222303983,False,0.0,False,2021
niq_at_chg1,quality,0.011471690351517785,1.4218469337123834,0.15507069123528794,False,0.0,False,2021
niq_be,quality,0.04085659725346106,2.709704286980681,0.006734321949462885,False,0.0,True,2021
niq_be_chg1,quality,0.01520043267166183,1.7857011359828148,0.07414766134996165,False,0.0,False,2021
niq_su,quality,0.011268471848982513,1.5098966810844396,0.13106978969858996,False,0.0,False,2021
nncoa_gr1a,investment_growth,0.003718644118754865,0.4596391567722603,0.645775248254256,False,0.0,False,2021
noa_at,investment_growth,-0.0005396330128418237,-0.04682060951056718,0.9626562030309838,False,0.0,False,2021
noa_gr1a,investment_growth,0.008105715353142176,0.9892351868025712,0.3225480864762864,False,0.0,False,2021
o_score,quality,-0.030262638111289913,-2.1107850706814117,0.034790789924958876,False,0.0,False,2021
oaccruals_at,investment_growth,0.03095046832159333,2.322532961328979,0.020204255722986453,False,0.05,True,2021
oaccruals_ni,investment_growth,0.010135237239392825,1.0284775260072696,0.30372525716669596,False,0.0,False,2021
ocf_at,quality,0.009931770965539842,0.5514532778279172,0.5813229867864798,False,0.0,False,2021
ocf_at_chg1,quality,-0.0003351778283285849,-0.0537685844380211,0.957119539284425,False,0.0,False,2021
ocf_me,value,0.01919239420497368,1.1038901854468888,0.2696407768122482,False,0.0,False,2021
ocfq_saleq_std,quality,-0.0018305665460236827,-0.14958416498388263,0.8810927021200559,False,0.0,False,2021
op_at,quality,0.015004945239384483,0.8586739469347612,0.39052042809113585,False,0.0,False,2021
op_atl1,quality,0.014335022220193859,0.832138555954776,0.4053307410972167,False,0.0,False,2021
ope_be,quality,0.027034040677371217,1.9982103823084503,0.04569385642075696,False,0.0,False,2021
ope_bel1,quality,0.023071479888345167,1.8320688468050756,0.06694116405145034,False,0.0,False,2021
opex_at,quality,-0.020587720234718398,-1.3969034594503744,0.16244260416574274,False,0.0,False,2021
pi_nix,quality,-0.007994520469083053,-1.1496467310984886,0.250289402589857,False,0.0,False,2021
ppeinv_gr1a,investment_growth,-0.007163699354035837,-1.0257994031583337,0.3049861474817499,False,0.0,False,2021
prc,risk_liquidity,0.020960244500029944,1.1465530210209205,0.2515664020503261,False,0.0,False,2021
prc_highprc_252d,momentum,0.021947787595070156,0.79990706947879,0.42376464154218185,False,0.0,False,2021
qmj,quality,0.022934282799328454,1.673613612761839,0.09420656142128392,False,0.0,False,2021
qmj_growth,quality,0.009424027851196486,1.2448585808395507,0.2131837382095232,False,0.0,False,2021
qmj_prof,quality,0.020290096076265644,1.1247587577895652,0.2606912753267139,False,0.0,False,2021
qmj_safety,quality,0.03608144528565775,2.1195773208967696,0.034041706734118105,False,0.05,False,2021
rd_me,value,0.004397021313759159,0.2649617882717245,0.7910388985592354,False,0.05,False,2021
rd_sale,quality,0.004190851652625681,0.2289526641771854,0.8189057074080377,False,0.05,False,2021
rd5_at,quality,0.010303612228111587,0.7297925552924278,0.46551699577984484,False,0.0,False,2021
resff3_12_1,momentum,-0.0027459969243352907,-0.19290197600374165,0.8470357374728912,False,0.0,False,2021
resff3_6_1,momentum,-0.001862324058023037,-0.13049032824302137,0.8961785056613865,False,0.0,False,2021
ret_1_0,momentum,-0.023243237768824584,-1.440204883935413,0.14980944187036194,False,0.1,True,2021
ret_12_1,momentum,0.004249780259565932,0.20458234237067688,0.8378984523549156,False,0.0,False,2021
ret_12_7,momentum,0.011268749631553592,0.7337219529163217,0.4631182160868137,False,0.0,False,2021
ret_3_1,momentum,-0.009609680481020394,-0.5313345272138169,0.595186983193813,False,0.0,False,2021
ret_6_1,momentum,0.0013438851060263127,0.06095125554235442,0.9513980292728887,False,0.0,False,2021
ret_60_12,momentum,0.015507603520083459,1.4087059373804842,0.15892213855229453,False,0.0,True,2021
ret_9_1,momentum,0.0019414443534115525,0.09038775799057196,0.9279790845798326,False,0.0,False,2021
rmax1_21d,risk_liquidity,-0.04429567229793195,-2.252099209504911,0.02431600325473915,False,0.0,False,2021
rmax5_21d,risk_liquidity,-0.05129419814877089,-2.3284955204961753,0.01988580683236818,False,0.0,True,2021
rmax5_rvol_21d,risk_liquidity,-0.002865740121032783,-0.26532727218077684,0.7907573569962429,False,0.0,False,2021
rskew_21d,risk_liquidity,-0.007132992649708241,-1.02393402907138,0.3058664359481962,False,0.0,False,2021
rvol_21d,risk_liquidity,-0.04767911903021375,-1.9155558217819384,0.055421657387926926,False,0.0,False,2021
sale_bev,quality,-0.0044413624290868875,-0.37351424977934433,0.7087657417004101,False,0.0,False,2021
sale_emp_gr1,quality,0.004715166487966409,0.7344033130549658,0.4627029681964101,False,0.0,False,2021
sale_gr1,investment_growth,0.01646822110680079,1.3327299778612895,0.18262043182095233,False,0.0,False,2021
sale_gr3,investment_growth,0.005381175499261332,0.5486092073819133,0.5832736657727284,False,0.0,False,2021
sale_me,value,0.0029178694791460176,0.1721569482550502,0.8633141427937421,False,0.0,False,2021
saleq_gr1,investment_growth,0.027778226534341786,2.0735306008191055,0.03812292628855585,False,0.1,True,2021
saleq_su,quality,0.025370980081024938,2.469247340891613,0.013539759552790853,False,0.0,False,2021
seas_1_1an,momentum,-0.012228261233667229,-0.9382038255727755,0.3481396727721622,False,0.1,False,2021
seas_1_1na,momentum,-0.004036586097080549,-0.18944021281961634,0.8497478097556819,False,0.0,False,2021
seas_2_5an,momentum,-0.00367158619906912,-0.32619163640217097,0.7442793688306217,False,0.0,False,2021
seas_2_5na,momentum,0.009102600560596402,0.9488045122145802,0.3427200465443203,False,0.0,True,2021
sti_gr1a,investment_growth,-0.0006855112361694697,-0.11468405917437506,0.9086955494880997,False,0.0,False,2021
taccruals_at,investment_growth,0.01675066678216168,1.6891812059796987,0.09118470948166335,False,0.0,False,2021
taccruals_ni,investment_growth,0.002272600469283562,0.31351558659852913,0.7538889807736053,False,0.0,False,2021
tangibility,quality,-0.021715611825250346,-2.0720635600357835,0.03825951409150807,False,0.0,False,2021
tax_gr1a,quality,0.0053854841969869435,0.8000716537356851,0.4236692833927833,False,0.0,False,2021
turnover_126d,risk_liquidity,-0.028520457305485598,-1.379650994443952,0.16769412832413,False,0.0,False,2021
turnover_var_126d,risk_liquidity,-0.013175813431550625,-1.1621229223111984,0.2451855376416192,False,0.0,False,2021
z_score,quality,0.008658776185130251,0.82197088812829,0.4110934657591725,False,0.0,False,2021
zero_trades_126d,risk_liquidity,0.02831579023755127,1.3690406886031956,0.1709865565280846,False,0.0,False,2021
zero_trades_21d,risk_liquidity,0.021904700416038193,1.1099288270445786,0.26702969728526527,False,0.0,False,2021
zero_trades_252d,risk_liquidity,0.029918469862967173,1.4627614879354847,0.1435326545619353,False,0.05,False,2021
miss_aliq_mat,quality,,,,False,,False,2021
miss_debt_gr3,investment_growth,,,,False,,False,2021
miss_dsale_dinv,quality,,,,False,,False,2021
miss_dsale_dsga,quality,,,,False,,False,2021
miss_f_score,quality,,,,False,,False,2021
miss_intrinsic_value,value,,,,False,,False,2021
miss_inv_gr1,investment_growth,,,,False,,False,2021
miss_ope_be,quality,,,,False,,False,2021
miss_ope_bel1,quality,,,,False,,False,2021
miss_pi_nix,quality,,,,False,,False,2021
miss_rd_me,value,,,,False,,False,2021
miss_rd_sale,quality,,,,False,,False,2021
miss_rd5_at,quality,,,,False,,False,2021
miss_ret_60_12,momentum,,,,False,,True,2021
miss_seas_2_5an,momentum,,,,False,,False,2021
miss_seas_2_5na,momentum,,,,False,,True,2021
age,risk_liquidity,0.015401259066273345,1.1537135763154336,0.24861761602827492,False,0.65,True,2022
aliq_at,quality,-0.010034362272989227,-0.8607438251949697,0.3893791500645243,False,0.55,False,2022
aliq_mat,quality,-0.01942428940637904,-1.778351267778137,0.0753461810763294,False,0.7,True,2022
ami_126d,risk_liquidity,-0.01422222390885603,-0.7965766168627935,0.42569696216345054,False,0.05,False,2022
at_be,quality,0.021579581021307737,1.9044706958263546,0.05684890963041722,False,0.8,True,2022
at_gr1,investment_growth,0.007601734264574666,0.7367650650950244,0.4612652313762966,False,0.5,False,2022
at_me,value,0.009105470595699789,0.49136602188951706,0.6231675916848656,False,0.2,False,2022
at_turnover,quality,0.0021774704917355272,0.1771713750196003,0.8593737793736642,False,0.6,True,2022
be_gr1a,investment_growth,0.00046869163975742903,0.056539624692370845,0.9549119300545119,False,0.5,False,2022
be_me,value,0.005033265801523072,0.3087422734469427,0.7575175841490494,False,0.9,True,2022
beta_60m,risk_liquidity,-0.02599094084378843,-1.3678669421645258,0.17135372903048074,False,0.75,True,2022
beta_dimson_21d,risk_liquidity,-0.01550677035521423,-1.0325189985306333,0.3018290522682858,False,0.9,True,2022
betabab_1260d,risk_liquidity,-0.033460745099550764,-1.584954008405686,0.11297678415625656,False,0.55,False,2022
betadown_252d,risk_liquidity,-0.02173575011833736,-1.1245032003797475,0.2607996135801409,False,0.8,True,2022
bev_mev,value,-0.003245428171079358,-0.2096413892905399,0.83394757340154,False,0.5,False,2022
bidaskhl_21d,risk_liquidity,-0.04422066024029434,-2.273182687564073,0.023015173132420186,False,0.7,True,2022
capex_abn,investment_growth,-0.003989730934170689,-1.0649085803367973,0.286917301798707,False,0.3,False,2022
capx_gr1,investment_growth,-0.009523011356136594,-1.7130581975563814,0.08670183344978355,False,0.7,True,2022
capx_gr2,investment_growth,-0.005752412207982955,-0.7860299409139673,0.4318499464223269,False,0.45,False,2022
capx_gr3,investment_growth,-0.0032471848342873963,-0.42661546355390634,0.6696594327671055,False,0.45,False,2022
cash_at,quality,-0.007728775916037616,-0.4852572464267582,0.6274938787137283,False,0.55,False,2022
chcsho_12m,investment_growth,-0.0183853510013151,-1.5215230378727076,0.12812863451755518,False,0.55,False,2022
coa_gr1a,investment_growth,0.006685319617921583,0.7330802937386284,0.46350945848904046,False,0.35,False,2022
col_gr1a,investment_growth,0.004777400827556983,0.4692184718428947,0.6389134833695138,False,0.65,True,2022
cop_at,quality,0.01168341430660006,0.942620868429632,0.34587486180456306,False,0.45,False,2022
cop_atl1,quality,0.01194529316583765,0.9481222656609835,0.34306721438487986,False,0.3,False,2022
corr_1260d,risk_liquidity,0.015139871592542426,1.1363138646913808,0.2558252302190138,False,0.55,False,2022
coskew_21d,risk_liquidity,0.006198105340445959,0.6433586455750127,0.5199914107275347,False,0.75,True,2022
cowc_gr1a,investment_growth,-0.0007167861370494138,-0.12321675236724018,0.9019354601836223,False,0.25,False,2022
dbnetis_at,investment_growth,0.00816627995917794,1.2434360992121019,0.21370717466656908,False,0.3,False,2022
debt_gr3,investment_growth,0.0032636250961860774,0.8519648855664427,0.3942335817104854,False,0.35,False,2022
debt_me,value,0.000382233051318951,0.029962539307880183,0.976096929049272,False,0.1,False,2022
dgp_dsale,quality,0.009396799350905333,1.426817154077673,0.15363260532732403,False,0.8,True,2022
div12m_me,value,0.02586649070193606,1.7704529734375667,0.07665171176880858,False,0.45,False,2022
dolvol_126d,risk_liquidity,0.004312406141111879,0.23878234491164282,0.8112743610031055,False,0.25,False,2022
dolvol_var_126d,risk_liquidity,-0.015512752501914692,-1.4379882551696124,0.15043738659535588,False,0.55,False,2022
dsale_dinv,quality,0.008764512758696972,1.6543063909218403,0.09806527512163199,False,0.4,False,2022
dsale_drec,quality,-0.020733631306712602,-3.591320808787424,0.0003290063501801832,True,0.95,True,2022
dsale_dsga,quality,0.006639669590832836,0.9162533720840684,0.35953401793209916,False,0.65,True,2022
earnings_variability,quality,-0.014051543376926268,-1.5943058554274843,0.1108675468466569,False,0.7,True,2022
ebit_bev,quality,0.033093261009617445,2.9990924590389443,0.0027078511906504232,True,0.5,True,2022
ebit_sale,quality,0.043526629898052074,2.9172615050704267,0.0035311958117896225,True,0.6,True,2022
ebitda_mev,value,0.020405768700148867,1.3274540234055927,0.1843585391457112,False,0.6,True,2022
emp_gr1,investment_growth,-0.008904087259502183,-0.7689384323704992,0.4419298607840787,False,0.75,True,2022
eq_dur,value,-0.01237142239316432,-0.8394180333449595,0.4012347677717516,False,0.4,False,2022
eqnetis_at,investment_growth,-0.024799934464582504,-1.9855118649786903,0.04708755137169285,False,0.2,False,2022
eqnpo_12m,investment_growth,0.020109628367032298,1.416477748529255,0.15663567453396365,False,0.35,False,2022
eqnpo_me,value,0.02827821180847259,1.98490475979372,0.047155068730571736,False,0.25,False,2022
eqpo_me,value,0.025606524186430033,1.9795856711325157,0.047750104378864844,False,0.5,False,2022
f_score,quality,0.01072832156872718,1.1718538336309596,0.24125574488614498,False,0.85,True,2022
fcf_me,value,0.03766756137723001,3.4021367471172472,0.0006686117357463939,True,0.8,True,2022
fnl_gr1a,investment_growth,-0.00041959321986111684,-0.08244117133587388,0.9342958974662392,False,0.65,True,2022
gp_at,quality,0.018285947820251076,1.3119915132642337,0.18952299805826778,False,0.8,True,2022
gp_atl1,quality,0.017028108052655973,1.2345446394332429,0.21700002345418845,False,0.3,False,2022
intrinsic_value,value,0.0017000317610933362,0.11713325371648865,0.9067544584521918,False,0.8,True,2022
inv_gr1,investment_growth,-0.007670749993950035,-1.162959667905308,0.24484586660808927,False,0.35,False,2022
inv_gr1a,investment_growth,-0.010561392431546303,-1.5541699249707486,0.12014388933749531,False,0.85,True,2022
iskew_capm_21d,risk_liquidity,-0.012018840667550403,-2.169255239003962,0.0300633114617741,False,0.55,False,2022
iskew_ff3_21d,risk_liquidity,-0.007766897535232496,-1.7961454974458886,0.07247138013546728,False,0.5,False,2022
iskew_hxz4_21d,risk_liquidity,-0.007977958669267288,-2.0389556614207636,0.04145445289847749,False,0.4,False,2022
ivol_capm_21d,risk_liquidity,-0.04885893202659699,-2.778246117499435,0.005465320423422293,True,0.4,True,2022
ivol_capm_252d,risk_liquidity,-0.05257872543064911,-2.72180262825938,0.006492690713732152,True,0.5,True,2022
ivol_ff3_21d,risk_liquidity,-0.0490740589587485,-2.94296127063181,0.0032508908495960664,True,0.2,True,2022
ivol_hxz4_21d,risk_liquidity,-0.047972324321606946,-2.895704249197053,0.0037830875110083095,True,0.35,True,2022
kz_index,quality,-0.02172925560520111,-1.9724746609717063,0.04855544614983631,False,0.4,False,2022
lnoa_gr1a,investment_growth,-0.0005991541856261003,-0.09338771043814949,0.9255955534993714,False,0.1,False,2022
lti_gr1a,investment_growth,0.008983733898934514,1.9461966116981013,0.0516311267853069,False,0.7,True,2022
market_equity,risk_liquidity,0.018475038336537943,1.06351743280409,0.287547363809896,False,0.4,False,2022
mispricing_mgmt,investment_growth,0.007161131781925799,0.7904790471632652,0.42924805410536004,False,0.1,False,2022
mispricing_perf,quality,0.031452113632860317,1.9148489684012455,0.055511767452051775,False,0.15,False,2022
ncoa_gr1a,investment_growth,0.006588674364414297,0.978212936084834,0.3279690197513512,False,0.4,False,2022
ncol_gr1a,investment_growth,0.009864055383942333,1.5837513848063236,0.11325030635576017,False,0.5,False,2022
netdebt_me,value,-0.005105513611937999,-0.44351358496210547,0.6573942952723753,False,0.7,True,2022
netis_at,investment_growth,-0.0060075926700393495,-0.5752912422629611,0.5650943434586431,False,1.0,True,2022
nfna_gr1a,investment_growth,-0.0006538357260124052,-0.13568381361579665,0.8920712442365584,False,0.3,False,2022
ni_ar1,quality,0.0011248026038402869,0.30043056445794586,0.7638487527664264,False,0.4,False,2022
ni_be,quality,0.030652134931455625,2.3468634309875895,0.018932192649708357,False,0.25,False,2022
ni_inc8q,quality,0.015152635796197779,2.1013328896022068,0.03561175454792842,False,0.4,False,2022
ni_ivol,quality,-0.0294076887770225,-2.156047337079948,0.031079969036110322,False,0.4,False,2022
ni_me,value,0.03173224354979028,2.1938408595705368,0.028246852255504606,False,0.55,False,2022
niq_at,quality,0.036291930175929944,2.4855837924191557,0.012933913442219946,False,0.75,True,2022
niq_at_chg1,quality,0.008682382949280813,1.3457404701406084,0.17838622981519592,False,0.2,False,2022
niq_be,quality,0.037633153927840265,3.0955143245630925,0.0019647188259701576,True,0.8,True,2022
niq_be_chg1,quality,0.013246732825221447,2.0147540186808195,0.043930429090035084,False,0.5,False,2022
niq_su,quality,0.00890138362570981,1.552989092418527,0.12042574049067079,False,0.4,False,2022
nncoa_gr1a,investment_growth,0.0016631179077834601,0.2649423051498182,0.7910539076700043,False,0.4,False,2022
noa_at,investment_growth,-0.004517591550896533,-0.46375956203260743,0.6428200183069013,False,0.9,True,2022
noa_gr1a,investment_growth,0.00045241385404864586,0.06731946445499289,0.9463273816435414,False,0.2,False,2022
o_score,quality,-0.030132780605709765,-2.5629309127736812,0.010379269958944226,False,0.65,True,2022
oaccruals_at,investment_growth,0.01783417712983759,1.5478802244038214,0.12165113668445127,False,0.3,False,2022
oaccruals_ni,investment_growth,0.0001719254488383041,0.020690578035859265,0.9834924850507489,False,0.65,True,2022
ocf_at,quality,0.02018009163383022,1.4093601033041447,0.1587287149404113,False,0.3,False,2022
ocf_at_chg1,quality,-0.0003332907610550413,-0.06066514659185089,0.9516258895244745,False,0.7,True,2022
ocf_me,value,0.013561266190825315,0.9302366495245503,0.3522485700572924,False,0.35,False,2022
ocfq_saleq_std,quality,-0.006150119438012113,-0.6098997633670907,0.5419282092845492,False,0.5,False,2022
op_at,quality,0.02170343671766965,1.5686453565512668,0.1167305976491142,False,0.2,False,2022
op_atl1,quality,0.020800670327199865,1.5247566211092796,0.12731981328860642,False,0.25,False,2022
ope_be,quality,0.021935010858107264,1.958699594556311,0.050147977963034274,False,0.15,False,2022
ope_bel1,quality,0.01781251423111336,1.7381220815367675,0.08218930481281905,False,0.8,True,2022
opex_at,quality,-0.015037572707249446,-1.2483706124327059,0.211895365924184,False,0.25,False,2022
pi_nix,quality,-0.008495590778097282,-1.560686115812019,0.11859782876653258,False,0.7,True,2022
ppeinv_gr1a,investment_growth,-0.010498619103910844,-1.7798833339525362,0.07509505572600705,False,0.7,True,2022
prc,risk_liquidity,0.027714644729712443,1.8473886278360812,0.06469083618586269,False,0.3,False,2022
prc_highprc_252d,momentum,0.028779946167144667,1.3486590471400746,0.17744650527564687,False,0.65,True,2022
qmj,quality,0.027822336360455606,2.475745157444909,0.013295844437601234,False,0.7,True,2022
qmj_growth,quality,0.006206581926535303,0.9850593361657134,0.3245949258894909,False,0.45,False,2022
qmj_prof,quality,0.031050202274281742,2.181866169330687,0.029119411301176568,False,0.2,False,2022
qmj_safety,quality,0.03810698881846775,2.774536471962342,0.005528043522844417,True,0.85,True,2022
rd_me,value,0.0007822108195234271,0.05904652682059821,0.952915049688897,False,0.8,True,2022
rd_sale,quality,0.007605685854621239,0.5067218346751827,0.612350007953093,False,0.5,False,2022
rd5_at,quality,0.011626725595490333,0.994275244941409,0.3200888841411096,False,0.85,True,2022
resff3_12_1,momentum,-0.0022970165486754924,-0.20642003387026575,0.8364628230292244,False,0.85,True,2022
resff3_6_1,momentum,0.0031294562846635736,0.27732779992682843,0.7815284151382518,False,0.5,False,2022
ret_1_0,momentum,-0.018039037594243624,-1.4574738477117033,0.14498562527465775,False,0.95,True,2022
ret_12_1,momentum,0.008393114542193337,0.5063765607179491,0.6125923259207531,False,0.3,False,2022
ret_12_7,momentum,0.007953270623285467,0.6387210141064501,0.5230044396649478,False,0.6,True,2022
ret_3_1,momentum,0.001013764532768241,0.06620251659374106,0.9472165932201859,False,0.75,True,2022
ret_6_1,momentum,0.007443320204304237,0.4286257420610037,0.6681956089086964,False,0.7,True,2022
ret_60_12,momentum,0.01809018251640522,2.0237273601849393,0.04299821183240016,False,0.6,True,2022
ret_9_1,momentum,0.009442752151523322,0.5507227335503176,0.5818237580710117,False,0.6,True,2022
rmax1_21d,risk_liquidity,-0.0467994508852756,-2.8398912815982125,0.0045128911389125115,True,0.25,True,2022
rmax5_21d,risk_liquidity,-0.053822602784340506,-2.9372422775596325,0.0033114528642865793,True,0.75,True,2022
rmax5_rvol_21d,risk_liquidity,-0.006795559212075966,-0.7985389679062944,0.4245577890737846,False,0.9,True,2022
rskew_21d,risk_liquidity,-0.007383272207485006,-1.199169647146948,0.23046198701551113,False,0.6,True,2022
rvol_21d,risk_liquidity,-0.05132931015742185,-2.522267809437727,0.011660089909019344,False,0.4,False,2022
sale_bev,quality,0.0019387159353699249,0.19847786847319318,0.8426711987061912,False,0.45,False,2022
sale_emp_gr1,quality,0.003216931031823247,0.561043315610694,0.5747680088854374,False,0.75,True,2022
sale_gr1,investment_growth,0.007486175793197458,0.6788641504886445,0.4972239423714475,False,0.45,False,2022
sale_gr3,investment_growth,0.005356773535585191,0.584039854772831,0.5591934983862508,False,0.35,False,2022
sale_me,value,-0.004473497305888454,-0.31787195376669247,0.750582067697352,False,0.25,False,2022
saleq_gr1,investment_growth,0.016762457041005645,1.4295650131610913,0.15284190308800616,False,1.0,True,2022
saleq_su,quality,0.017122615421383554,2.0426968447151737,0.04108245737342919,False,0.45,False,2022
seas_1_1an,momentum,-0.013813084398207748,-1.2513965671780174,0.21078982910326793,False,0.9,True,2022
seas_1_1na,momentum,0.002060544350846798,0.12075065847558147,0.9038885328602646,False,0.45,False,2022
seas_2_5an,momentum,-0.0011338120774654866,-0.13070731806124028,0.8960068430393247,False,0.8,True,2022
seas_2_5na,momentum,0.009330248276098553,1.1676409625879285,0.2429516198411017,False,0.4,False,2022
sti_gr1a,investment_growth,-0.0006522327095053973,-0.13192251911398462,0.8950455766212848,False,0.4,False,2022
taccruals_at,investment_growth,0.009815159829209547,1.1668242109131914,0.24328136753649154,False,0.5,False,2022
taccruals_ni,investment_growth,-0.001373517231959972,-0.229268359132305,0.8186603442856171,False,0.35,False,2022
tangibility,quality,-0.024263506803039115,-2.6190178440780576,0.008818333458809224,True,0.7,True,2022
tax_gr1a,quality,-0.001181030381228816,-0.21761392286954215,0.827729935575666,False,0.85,True,2022
turnover_126d,risk_liquidity,-0.03129642958541521,-1.839835173374872,0.06579243978246474,False,0.3,False,2022
turnover_var_126d,risk_liquidity,-0.01279027960731741,-1.2464965187031092,0.21258216649203043,False,0.55,False,2022
z_score,quality,0.012646458672188539,1.422006759392414,0.15502428868636264,False,0.45,False,2022
zero_trades_126d,risk_liquidity,0.03137291099577388,1.8358979316349837,0.06637275366960438,False,0.3,False,2022
zero_trades_21d,risk_liquidity,0.02504541222024074,1.5515990385630387,0.12075819335821292,False,0.65,True,2022
zero_trades_252d,risk_liquidity,0.03194879194788938,1.8883927582620195,0.05897324281931304,False,0.55,False,2022
miss_aliq_mat,quality,,,,False,,True,2022
miss_debt_gr3,investment_growth,,,,False,,False,2022
miss_dsale_dinv,quality,,,,False,,False,2022
miss_dsale_dsga,quality,,,,False,,True,2022
miss_f_score,quality,,,,False,,True,2022
miss_intrinsic_value,value,,,,False,,True,2022
miss_inv_gr1,investment_growth,,,,False,,False,2022
miss_ope_be,quality,,,,False,,False,2022
miss_ope_bel1,quality,,,,False,,True,2022
miss_pi_nix,quality,,,,False,,True,2022
miss_rd_me,value,,,,False,,True,2022
miss_rd_sale,quality,,,,False,,False,2022
miss_rd5_at,quality,,,,False,,True,2022
miss_ret_60_12,momentum,,,,False,,True,2022
miss_seas_2_5an,momentum,,,,False,,True,2022
miss_seas_2_5na,momentum,,,,False,,False,2022
age,risk_liquidity,0.018258659439465967,1.536555664946351,0.12440215651174169,False,0.5,False,2023
aliq_at,quality,-0.013833350974788687,-1.3926993892230073,0.1637107133943312,False,0.15,False,2023
aliq_mat,quality,-0.021951652886781792,-2.161689854354265,0.030642090189172633,False,0.65,True,2023
ami_126d,risk_liquidity,-0.022314087094054764,-1.4707691160411749,0.14135356730722393,False,0.15,False,2023
at_be,quality,0.025004874052117036,2.415077443488904,0.01573186440688623,True,0.85,True,2023
at_gr1,investment_growth,0.005840893021522366,0.6422920712556469,0.5206835613674106,False,0.3,False,2023
at_me,value,0.009025381950120561,0.5108852030138186,0.6094314429881054,False,0.2,False,2023
at_turnover,quality,0.004813575105939287,0.44669594414164615,0.6550946106671687,False,0.4,False,2023
be_gr1a,investment_growth,0.00011096851537323774,0.01497049834347542,0.9880557166563597,False,0.5,False,2023
be_me,value,0.0024524582690723484,0.1569872594065295,0.8752548891184146,False,0.8,True,2023
beta_60m,risk_liquidity,-0.014924135569707302,-0.8384935923560327,0.4017535449320544,False,0.45,False,2023
beta_dimson_21d,risk_liquidity,-0.0003162593686640562,-0.023363216661973975,0.9813605458430859,False,0.8,True,2023
betabab_1260d,risk_liquidity,-0.01942704690408387,-0.9893060422311533,0.3225134287023341,False,0.5,False,2023
betadown_252d,risk_liquidity,-0.008049399058037601,-0.4535596549240597,0.650145797468195,False,0.65,True,2023
bev_mev,value,-0.001508553436858414,-0.10072519261048851,0.9197686122635145,False,0.45,False,2023
bidaskhl_21d,risk_liquidity,-0.042568161690987656,-2.5518484635367793,0.010715311227984081,True,0.5,True,2023
capex_abn,investment_growth,-0.001485249363947553,-0.4270424296952197,0.6693484237573479,False,0.45,False,2023
capx_gr1,investment_growth,-0.008699334516799299,-1.801868261904185,0.07156613471741191,False,0.8,True,2023
capx_gr2,investment_growth,-0.006270541780468033,-1.0180107713626272,0.30867283721472494,False,0.8,True,2023
capx_gr3,investment_growth,-0.0007981680997469058,-0.126511727466552,0.8993268664580993,False,0.45,False,2023
cash_at,quality,-0.007488441387188503,-0.5399282342768119,0.5892465256168473,False,0.45,False,2023
chcsho_12m,investment_growth,-0.0208399235221382,-1.9271975828975452,0.053955011095332406,False,0.3,False,2023
coa_gr1a,investment_growth,0.010178018662877557,1.227636389007131,0.21958349526312926,False,0.5,False,2023
col_gr1a,investment_growth,0.004543197576134405,0.5063569532721887,0.6126060879649304,False,0.7,True,2023
cop_at,quality,0.012383014758832193,1.1752432893453368,0.2398973957837156,False,0.2,False,2023
cop_atl1,quality,0.013010627256362378,1.2286729059107466,0.21919446855831204,False,0.45,False,2023
corr_1260d,risk_liquidity,0.02574472830221011,2.0992013245753056,0.03579915730386918,False,0.35,False,2023
coskew_21d,risk_liquidity,0.004614582024233527,0.5640043907357456,0.5727511439870938,False,0.75,True,2023
cowc_gr1a,investment_growth,0.0030299119649440983,0.5526884829824931,0.5804767410153766,False,0.2,False,2023
dbnetis_at,investment_growth,0.002715693210383893,0.42872266090875927,0.6681250673607511,False,0.15,False,2023
debt_gr3,investment_growth,0.005392408846313644,1.4693488181646057,0.14173820197249154,False,0.4,False,2023
debt_me,value,0.006784837517253069,0.5311984094231916,0.5952812950806434,False,0.2,False,2023
dgp_dsale,quality,0.006872867703467676,1.1466961062068812,0.25150724032142335,False,0.7,True,2023
div12m_me,value,0.023915011258977974,1.862463061653751,0.06253784742946045,False,0.25,False,2023
dolvol_126d,risk_liquidity,0.013528080688844344,0.8712826396334578,0.38359984707353423,False,0.4,False,2023
dolvol_var_126d,risk_liquidity,-0.022989529680984465,-2.4058540993076076,0.016134707057516406,True,0.5,True,2023
dsale_dinv,quality,0.004120650048442443,0.8849759639764984,0.376169595156266,False,0.35,False,2023
dsale_drec,quality,-0.01761054803983454,-3.3516239716906204,0.0008033905951438935,True,0.95,True,2023
dsale_dsga,quality,0.0027824208695560984,0.43400243659187154,0.6642866716705029,False,0.7,True,2023
earnings_variability,quality,-0.014158362454494165,-1.8335551441363354,0.06672005583414542,False,0.5,False,2023
ebit_bev,quality,0.03292768742162131,3.4731311304268595,0.0005144239505370241,True,0.3,True,2023
ebit_sale,quality,0.04002679591886838,3.116613786055793,0.0018294106601113302,True,0.65,True,2023
ebitda_mev,value,0.01902550128239149,1.2222078470938504,0.2216290371542169,False,0.7,True,2023
emp_gr1,investment_growth,-0.0050837751512094005,-0.5031449708713104,0.6148623509021742,False,0.6,True,2023
eq_dur,value,-0.012115269900574164,-0.8525046914263468,0.3939340362682957,False,0.5,False,2023
eqnetis_at,investment_growth,-0.02694132584368681,-2.3960550350033496,0.01657260175903552,True,0.35,True,2023
eqnpo_12m,investment_growth,0.021026816823629335,1.6826600223301753,0.09244092501207124,False,0.3,False,2023
eqnpo_me,value,0.029278530936065823,2.2420244332343677,0.024959793223945814,False,0.2,False,2023
eqpo_me,value,0.027234920213289163,2.284287077772057,0.02235466483998705,False,0.25,False,2023
f_score,quality,0.007547622662147503,1.0113792384769853,0.3118349541105103,False,1.0,True,2023
fcf_me,value,0.036077088280788844,3.2997534651877367,0.0009676979767718752,True,0.75,True,2023
fnl_gr1a,investment_growth,0.002093690562017616,0.46994444552964537,0.6383947090107531,False,0.5,False,2023
gp_at,quality,0.01746113627175307,1.5025510743379127,0.1329548479589613,False,0.8,True,2023
gp_atl1,quality,0.015844628733731703,1.3798608358613216,0.16762949710603037,False,0.05,False,2023
intrinsic_value,value,0.009274012760680636,0.756866754086252,0.449129694979971,False,0.95,True,2023
inv_gr1,investment_growth,-0.003916354323640733,-0.6699379537158929,0.5028973439228321,False,0.1,False,2023
inv_gr1a,investment_growth,-0.005449493372439947,-0.8778055711600026,0.3800492405882907,False,0.75,True,2023
iskew_capm_21d,risk_liquidity,-0.011098935333669967,-2.216575701369126,0.026652099541493834,False,0.5,False,2023
iskew_ff3_21d,risk_liquidity,-0.007438389701469968,-1.8879879872987935,0.05902756315196567,False,0.55,False,2023
iskew_hxz4_21d,risk_liquidity,-0.009336848778607888,-2.58151676101185,0.009836721465631193,True,0.3,True,2023
ivol_capm_21d,risk_liquidity,-0.04645250120497205,-2.9847135338141917,0.0028384400961538603,True,0.15,True,2023
ivol_capm_252d,risk_liquidity,-0.04993705706649277,-2.951812507479386,0.0031591469047425047,True,0.15,True,2023
ivol_ff3_21d,risk_liquidity,-0.04687517926050867,-3.1776550969164346,0.0014847125570127684,True,0.35,True,2023
ivol_hxz4_21d,risk_liquidity,-0.045742016519033236,-3.1288500682828118,0.0017549182927172335,True,0.55,True,2023
kz_index,quality,-0.017581437435111886,-1.8114106129728071,0.07007731435004527,False,0.4,False,2023
lnoa_gr1a,investment_growth,0.0007867818505820166,0.1371553302988584,0.8909080184047549,False,0.15,False,2023
lti_gr1a,investment_growth,0.005705675603386126,1.4025948730916622,0.16073768152408752,False,0.4,False,2023
market_equity,risk_liquidity,0.02591343647893871,1.746977103018204,0.08064130994910323,False,0.3,False,2023
mispricing_mgmt,investment_growth,0.007761607792465296,0.9874573693478245,0.32341847196461226,False,0.0,False,2023
mispricing_perf,quality,0.02788035516850595,1.999644172432197,0.045538700519330844,False,0.15,False,2023
ncoa_gr1a,investment_growth,0.00720308875863428,1.2439806022600355,0.21350670219001167,False,0.25,False,2023
ncol_gr1a,investment_growth,0.010633602673136313,1.937086493246604,0.05273477139058169,False,0.6,True,2023
netdebt_me,value,0.0022029223799445354,0.2020241552063733,0.8398978403857622,False,0.4,False,2023
netis_at,investment_growth,-0.011912475430499506,-1.2102454566085235,0.2261847201885825,False,0.8,True,2023
nfna_gr1a,investment_growth,-0.003533795517251532,-0.8535053465297698,0.39337912400188646,False,0.25,False,2023
ni_ar1,quality,0.0033824635267761544,1.057322669590519,0.2903643505902844,False,0.65,True,2023
ni_be,quality,0.0331283602194184,2.9548487393220295,0.003128223812453035,True,0.15,True,2023
ni_inc8q,quality,0.014697598292665844,2.472142149348384,0.01343061006479318,True,0.25,True,2023
ni_ivol,quality,-0.029035934082375217,-2.3665206984106426,0.01795617017448281,True,0.45,True,2023
ni_me,value,0.03236439726872385,2.3702742709527373,0.01777489405807331,True,0.4,True,2023
niq_at,quality,0.03543155146089026,2.895007772280353,0.00379149144755786,True,0.75,True,2023
niq_at_chg1,quality,0.004336134611629346,0.7724446006457101,0.4398511466157178,False,0.45,False,2023
niq_be,quality,0.03849642027896227,3.762867516599864,0.00016797619729036484,True,0.85,True,2023
niq_be_chg1,quality,0.008803208725730307,1.5839830853018135,0.1131975683424069,False,0.15,False,2023
niq_su,quality,0.002717371100454173,0.4953871617913237,0.6203268552487926,False,0.5,False,2023
nncoa_gr1a,investment_growth,0.0023506945656197866,0.4493697441647903,0.6531649534397506,False,0.1,False,2023
noa_at,investment_growth,-0.0007833421083853528,-0.0902219466200914,0.9281108445662642,False,0.65,True,2023
noa_gr1a,investment_growth,0.0018689872467958124,0.33024133146863666,0.7412176189971682,False,0.45,False,2023
o_score,quality,-0.025624484940073463,-2.5629758426240694,0.010377926905068335,True,0.45,True,2023
oaccruals_at,investment_growth,0.017493447284498937,1.7771929803409057,0.07553649401284868,False,0.25,False,2023
oaccruals_ni,investment_growth,0.001762516687802778,0.2583761412514705,0.7961166281334071,False,0.7,True,2023
ocf_at,quality,0.01970924693603368,1.6180218155825343,0.10565789629759559,False,0.2,False,2023
ocf_at_chg1,quality,-0.0018813445354849618,-0.39217060068679677,0.694932165035961,False,0.55,False,2023
ocf_me,value,0.013077676328819038,0.9251767548687735,0.3548739727738419,False,0.3,False,2023
ocfq_saleq_std,quality,-0.009453161337214336,-1.0995633093148474,0.2715224356254873,False,0.25,False,2023
op_at,quality,0.02200573359942591,1.8713181609541916,0.06130099476997497,False,0.3,False,2023
op_atl1,quality,0.021182951192214715,1.8470889644839987,0.06473424761524238,False,0.05,False,2023
ope_be,quality,0.024005220383896474,2.418532905515488,0.015583236058444916,True,0.1,True,2023
ope_bel1,quality,0.02056799357229039,2.362063110400779,0.01817354810121108,True,0.45,True,2023
opex_at,quality,-0.011733150611178739,-1.103581767866803,0.26977460365410644,False,0.05,False,2023
pi_nix,quality,-0.005101018961226569,-1.1014197607036282,0.2707140089706752,False,0.45,False,2023
ppeinv_gr1a,investment_growth,-0.008816227072547705,-1.7059185639538763,0.08802324289327856,False,0.65,True,2023
prc,risk_liquidity,0.03146979605076188,2.4051882938458524,0.01616413486766266,True,0.35,True,2023
prc_highprc_252d,momentum,0.019452652642416367,0.9303245614537324,0.35220306455931016,False,0.7,True,2023
qmj,quality,0.02201758842515962,2.229479182763477,0.025782038894076598,False,0.55,False,2023
qmj_growth,quality,0.00555858099920962,0.9772427734985896,0.32844897671400597,False,0.45,False,2023
qmj_prof,quality,0.030058001706178582,2.522688165020517,0.011646162454079123,True,0.3,True,2023
qmj_safety,quality,0.027302509082678575,2.1489883163359953,0.031635326124798135,False,0.65,True,2023
rd_me,value,-0.0005805958296376798,-0.05306864543116235,0.9576772135569691,False,0.7,True,2023
rd_sale,quality,0.004518535365076845,0.3483171369588118,0.7276020252901025,False,0.2,False,2023
rd5_at,quality,0.008119607957484485,0.8042885790478413,0.42123033203112703,False,0.65,True,2023
resff3_12_1,momentum,-0.006687741650297907,-0.6565009155661683,0.5115018786588792,False,0.9,True,2023
resff3_6_1,momentum,0.0023181182229839803,0.23095474452130055,0.8173499602027106,False,0.5,False,2023
ret_1_0,momentum,-0.028362568878884737,-2.251693851120474,0.024341625508445208,False,0.95,True,2023
ret_12_1,momentum,0.0027162679217928453,0.16614335388868487,0.8680441367791771,False,0.3,False,2023
ret_12_7,momentum,0.0034704757374173544,0.306046422110901,0.7595693006898194,False,0.6,True,2023
ret_3_1,momentum,0.0024506127978395206,0.17548444512082512,0.8606989921274675,False,0.85,True,2023
ret_6_1,momentum,0.004564863956112195,0.28448784780956,0.7760365455297409,False,0.6,True,2023
ret_60_12,momentum,0.022212750995540837,2.640754608090202,0.008272161081840368,True,0.45,True,2023
ret_9_1,momentum,0.007873885637764687,0.4716564449518776,0.6371720304875927,False,0.6,True,2023
rmax1_21d,risk_liquidity,-0.042150987862747964,-2.852794597359314,0.004333662295981533,True,0.2,True,2023
rmax5_21d,risk_liquidity,-0.04974850489962812,-3.064690208510973,0.002178955693934226,True,0.6,True,2023
rmax5_rvol_21d,risk_liquidity,-0.008966233189246142,-1.2451110392074423,0.2130909368383085,False,0.55,False,2023
rskew_21d,risk_liquidity,-0.007473737127382561,-1.3769178304433956,0.16853765384566644,False,0.75,True,2023
rvol_21d,risk_liquidity,-0.043268199537372695,-2.3704330352962666,0.01776726212306534,True,0.2,True,2023
sale_bev,quality,0.0026149289925879735,0.2978374793257449,0.7658272075907622,False,0.25,False,2023
sale_emp_gr1,quality,-0.0009189446570191562,-0.17753868313677476,0.8590852830650124,False,0.65,True,2023
sale_gr1,investment_growth,0.004360118132541649,0.4479159532680106,0.6542138544200065,False,0.4,False,2023
sale_gr3,investment_growth,0.007165288071520829,0.9111498277273662,0.3622164354089894,False,0.75,True,2023
sale_me,value,-0.0001367226920869051,-0.009274648294342392,0.992600007409338,False,0.15,False,2023
saleq_gr1,investment_growth,0.013988111444044894,1.3451897731954483,0.1785639579606051,False,0.95,True,2023
saleq_su,quality,0.013009642343680287,1.5982995066709447,0.10997633715719779,False,0.65,True,2023
seas_1_1an,momentum,-0.021152148503192095,-2.1991514725345596,0.027867153579121284,False,0.85,True,2023
seas_1_1na,momentum,-0.003763801347684342,-0.22164052279296367,0.8245937343265108,False,0.3,False,2023
seas_2_5an,momentum,-0.0032751414523105983,-0.4350462774515821,0.6635288370177022,False,0.75,True,2023
seas_2_5na,momentum,0.01469530284275754,1.9774777750131396,0.04798765029278429,False,0.35,False,2023
sti_gr1a,investment_growth,-0.0018806001199069982,-0.43968878052131405,0.660162529610111,False,0.4,False,2023
taccruals_at,investment_growth,0.006272883612101051,0.8881041994495483,0.3744847039414252,False,0.25,False,2023
taccruals_ni,investment_growth,-0.00372711402017507,-0.741974348088703,0.4581028777197216,False,0.4,False,2023
tangibility,quality,-0.02658456714463551,-3.1759858180664855,0.001493282512847971,True,0.45,True,2023
tax_gr1a,quality,-0.00295977415081987,-0.6286793022370626,0.5295590311391192,False,0.75,True,2023
turnover_126d,risk_liquidity,-0.022028308225813864,-1.4150288833619067,0.15706002763544902,False,0.4,False,2023
turnover_var_126d,risk_liquidity,-0.020488418658225364,-2.246101347730534,0.02469751705081835,False,0.15,False,2023
z_score,quality,0.011518154673956952,1.3846327197666524,0.1661648012566488,False,0.35,False,2023
zero_trades_126d,risk_liquidity,0.021696818551558326,1.3838518198871304,0.1664038320261274,False,0.2,False,2023
zero_trades_21d,risk_liquidity,0.015906037954269637,1.064894264671745,0.28692378072967983,False,0.55,False,2023
zero_trades_252d,risk_liquidity,0.021856173956335184,1.4111618100158452,0.15819690803378839,False,0.25,False,2023
miss_aliq_mat,quality,,,,False,,True,2023
miss_debt_gr3,investment_growth,,,,False,,False,2023
miss_dsale_dinv,quality,,,,False,,False,2023
miss_dsale_dsga,quality,,,,False,,True,2023
miss_f_score,quality,,,,False,,True,2023
miss_intrinsic_value,value,,,,False,,True,2023
miss_inv_gr1,investment_growth,,,,False,,False,2023
miss_ope_be,quality,,,,False,,True,2023
miss_ope_bel1,quality,,,,False,,True,2023
miss_pi_nix,quality,,,,False,,False,2023
miss_rd_me,value,,,,False,,True,2023
miss_rd_sale,quality,,,,False,,False,2023
miss_rd5_at,quality,,,,False,,True,2023
miss_ret_60_12,momentum,,,,False,,True,2023
miss_seas_2_5an,momentum,,,,False,,True,2023
miss_seas_2_5na,momentum,,,,False,,False,2023
age,risk_liquidity,0.00709956401090568,0.6329825138033414,0.5267450620178515,False,1.0,True,2024
aliq_at,quality,-0.006871437267367787,-0.7689595568772589,0.44191731981020554,False,0.2,False,2024
aliq_mat,quality,-0.027199710985089366,-2.859085696297065,0.004248639922953101,False,0.75,True,2024
ami_126d,risk_liquidity,-0.026401908557799475,-1.8650478105501807,0.06217470293310523,False,0.0,False,2024
at_be,quality,0.016335452578990706,1.5367584361710092,0.12435247516350989,False,1.0,True,2024
at_gr1,investment_growth,0.012205026287744336,1.4641639351036937,0.14314916164393665,False,0.5,False,2024
at_me,value,-0.004956926675480864,-0.28647732084430183,0.7745125612533097,False,0.2,False,2024
at_turnover,quality,0.012927441802872452,1.2133943410401118,0.22497908886620177,False,0.45,False,2024
be_gr1a,investment_growth,0.003725828425813944,0.49116335960619195,0.6233109115731001,False,0.65,True,2024
be_me,value,-0.00969730553367822,-0.6382449904067118,0.5233142145982015,False,0.75,True,2024
beta_60m,risk_liquidity,-0.002746587813265785,-0.16071806018465404,0.8723154643808413,False,0.7,True,2024
beta_dimson_21d,risk_liquidity,0.0035403221392148513,0.26084176973756407,0.7942145315454132,False,0.85,True,2024
betabab_1260d,risk_liquidity,-0.0050942771251668946,-0.27520813961040136,0.7831563338364025,False,0.55,False,2024
betadown_252d,risk_liquidity,1.684105675558305e-05,0.000973408094698526,0.9992233328325313,False,0.75,True,2024
bev_mev,value,-0.012560588114688315,-0.8437593226306174,0.39880391035569507,False,0.45,False,2024
bidaskhl_21d,risk_liquidity,-0.03489433260729639,-2.288404152625511,0.022113996043446438,False,0.65,True,2024
capex_abn,investment_growth,0.0008402185216206065,0.2576797133396747,0.7966541039196147,False,0.45,False,2024
capx_gr1,investment_growth,-0.004184684310562766,-0.918864880574047,0.3581662512547452,False,0.8,True,2024
capx_gr2,investment_growth,-0.001475737117743405,-0.26680037063525863,0.789622868869577,False,0.5,False,2024
capx_gr3,investment_growth,0.0036136301833150624,0.6500977419698891,0.5156290877080643,False,0.45,False,2024
cash_at,quality,0.0023722835572384895,0.19111612632873848,0.8484346135216678,False,0.85,True,2024
chcsho_12m,investment_growth,-0.011755747307246447,-1.2145213581213103,0.22454869897894802,False,0.35,False,2024
coa_gr1a,investment_growth,0.01116031962449613,1.4406328998455897,0.1496884206709861,False,0.4,False,2024
col_gr1a,investment_growth,0.009314598174146309,1.1011527330891155,0.27083018947197157,False,0.45,False,2024
cop_at,quality,0.016908147749110834,1.6967814460465056,0.08973798779884046,False,0.25,False,2024
cop_atl1,quality,0.019276822066302216,1.8818949336663742,0.059850282469325666,False,0.35,False,2024
corr_1260d,risk_liquidity,0.026595777121970157,2.4888123809599416,0.01281705841591907,False,0.65,True,2024
coskew_21d,risk_liquidity,-0.002533493927762804,-0.3049187284035002,0.7604280513880493,False,0.7,True,2024
cowc_gr1a,investment_growth,0.00039727923092886083,0.0847139645886364,0.9324887937415591,False,0.35,False,2024
dbnetis_at,investment_growth,0.002405707239566967,0.41213355858353046,0.6802415327461788,False,0.3,False,2024
debt_gr3,investment_growth,0.009918973246409082,2.394463991327035,0.016644677718783196,False,0.7,True,2024
debt_me,value,-0.00015067056311360768,-0.011227770603386993,0.9910417234013373,False,0.3,False,2024
dgp_dsale,quality,0.009406473856651705,1.3547974300371115,0.1754821056469802,False,0.95,True,2024
div12m_me,value,0.009835450499871865,0.8031774815897638,0.42187215899710706,False,0.3,False,2024
dolvol_126d,risk_liquidity,0.021231823594533634,1.4595665917778604,0.14440922653850308,False,0.45,False,2024
dolvol_var_126d,risk_liquidity,-0.01839897217069574,-2.0238860753944197,0.042981874982341184,False,0.2,False,2024
dsale_dinv,quality,0.002202031438332914,0.5242616348347503,0.6000965771380267,False,0.3,False,2024
dsale_drec,quality,-0.01694411389260596,-3.602818295141344,0.0003147855820948564,True,0.95,True,2024
dsale_dsga,quality,-0.0045553883567981,-0.7550239594552842,0.4502346063637326,False,0.8,True,2024
earnings_variability,quality,-0.009820373017155057,-1.415447505991672,0.15693732927983017,False,0.3,False,2024
ebit_bev,quality,0.02416733201887174,2.6627437042935567,0.007750642268036678,False,0.25,False,2024
ebit_sale,quality,0.023407344060735684,1.8647704672161698,0.06221358455984727,False,0.3,False,2024
ebitda_mev,value,0.0045534079039080315,0.303176992924026,0.7617549813835462,False,0.9,True,2024
emp_gr1,investment_growth,0.002519196943136948,0.27864364289740223,0.7805183164344207,False,0.5,False,2024
eq_dur,value,0.002797525601615399,0.20216445098529354,0.8397881632968285,False,0.8,True,2024
eqnetis_at,investment_growth,-0.019045870228679262,-1.887678763176582,0.059069089061552615,False,0.65,True,2024
eqnpo_12m,investment_growth,0.009307969223940685,0.8198794878924507,0.41228481123064853,False,0.3,False,2024
eqnpo_me,value,0.01582589503852842,1.2805382046992355,0.2003559172753837,False,0.15,False,2024
eqpo_me,value,0.015034108602562553,1.3094987397348947,0.19036546437115298,False,0.4,False,2024
f_score,quality,0.00124235984203585,0.16357554856752424,0.8700652948190151,False,1.0,True,2024
fcf_me,value,0.025007374958291157,2.4367375620007676,0.014820431008397472,False,0.8,True,2024
fnl_gr1a,investment_growth,0.009277556746557601,1.7821785372618506,0.07472012164226438,False,0.65,True,2024
gp_at,quality,0.025382317769601214,2.2638276918268754,0.02358471463245726,False,0.95,True,2024
gp_atl1,quality,0.025583848060507664,2.2586993564054896,0.02390209253908404,False,0.4,False,2024
intrinsic_value,value,0.011332470334464348,1.0239288005685716,0.3058689056955102,False,0.6,True,2024
inv_gr1,investment_growth,-0.0018156593269153362,-0.3414763038789021,0.7327450407617218,False,0.1,False,2024
inv_gr1a,investment_growth,-0.0028029298365903426,-0.5038239795863234,0.6143850752137128,False,0.8,True,2024
iskew_capm_21d,risk_liquidity,-0.009034445467619657,-1.8759119004974012,0.06066737825867241,False,0.4,False,2024
iskew_ff3_21d,risk_liquidity,-0.006108279999584801,-1.6918947751074058,0.09066603839529752,False,0.7,True,2024
iskew_hxz4_21d,risk_liquidity,-0.008558797624711024,-2.5257564288468846,0.011544949292449314,False,0.5,False,2024
ivol_capm_21d,risk_liquidity,-0.036885057674115054,-2.459680749638781,0.013906065428091585,False,0.15,False,2024
ivol_capm_252d,risk_liquidity,-0.03468340241144769,-2.141622548400311,0.032223867766599135,False,0.25,False,2024
ivol_ff3_21d,risk_liquidity,-0.03754733164975161,-2.6950177475009123,0.007038488199936133,False,0.2,False,2024
ivol_hxz4_21d,risk_liquidity,-0.03656350360535914,-2.661810045995693,0.007772172547935163,False,0.35,False,2024
kz_index,quality,-0.013872699664738166,-1.5097304488193317,0.13111221844637,False,0.45,False,2024
lnoa_gr1a,investment_growth,0.007269047125270506,1.2115011954745654,0.22570337676757468,False,0.35,False,2024
lti_gr1a,investment_growth,0.005295805792851265,1.3800555956076797,0.16756952778956435,False,0.5,False,2024
market_equity,risk_liquidity,0.028738635791364098,2.107511726348313,0.035073246317659734,False,0.25,False,2024
mispricing_mgmt,investment_growth,0.0004286020880555162,0.05794635700693499,0.9537913575801058,False,0.35,False,2024
mispricing_perf,quality,0.02817046527790864,2.0679740762197736,0.03864246086902723,False,0.1,False,2024
ncoa_gr1a,investment_growth,0.009898900131149977,1.8233638863846382,0.06824829615750105,False,0.2,False,2024
ncol_gr1a,investment_growth,0.009055071845316905,1.8125809768302916,0.06989647404196186,False,0.4,False,2024
netdebt_me,value,-0.001107416969707934,-0.10214984803424482,0.9186377349049379,False,0.45,False,2024
netis_at,investment_growth,-0.008742220805469514,-0.9900002898195213,0.32217397736349307,False,0.6,True,2024
nfna_gr1a,investment_growth,-0.00799700924613236,-1.7370931908880411,0.08237072304638704,False,0.6,True,2024
ni_ar1,quality,0.004694259069411578,1.5732204672149337,0.11566777769696568,False,0.6,True,2024
ni_be,quality,0.024928404000873296,2.3697280732965713,0.017801172183090186,False,0.05,False,2024
ni_inc8q,quality,0.00710665343076699,1.1234909945693452,0.2612290231278367,False,0.35,False,2024
ni_ivol,quality,-0.01649969327389447,-1.4278772732515213,0.1533271861238057,False,0.7,True,2024
ni_me,value,0.01710631553777645,1.306979153235589,0.19121979164452618,False,0.2,False,2024
niq_at,quality,0.029002427775446316,2.5250373679345817,0.01156859874787397,False,0.3,False,2024
niq_at_chg1,quality,0.0011442945674955015,0.1958996961649741,0.844688675086037,False,0.5,False,2024
niq_be,quality,0.02929471679679829,3.0152775285497353,0.002567442119030039,False,0.7,True,2024
niq_be_chg1,quality,0.0056842374249290745,0.9400402690232244,0.34719690537116543,False,0.35,False,2024
niq_su,quality,0.0018714775332534293,0.2976160742407058,0.7659962047687274,False,0.45,False,2024
nncoa_gr1a,investment_growth,0.005196784139472226,1.0358162169490992,0.3002878904369348,False,0.6,True,2024
noa_at,investment_growth,-0.00042253020319024394,-0.0534320155872281,0.9573876968887014,False,0.7,True,2024
noa_gr1a,investment_growth,0.004651887799359508,0.8458618341962565,0.39762982578911776,False,0.25,False,2024
o_score,quality,-0.019753949192303655,-1.984994530092557,0.047145080072319656,False,0.35,False,2024
oaccruals_at,investment_growth,0.00813690665828764,0.8611580179436588,0.3891510186498979,False,0.1,False,2024
oaccruals_ni,investment_growth,-0.002605585563217708,-0.39104736728424416,0.6957622238646755,False,0.55,False,2024
ocf_at,quality,0.01914847297140901,1.7238658025129543,0.08473207212800782,False,0.4,False,2024
ocf_at_chg1,quality,-0.0034869661727782173,-0.7988215417725677,0.42439389774786296,False,0.65,True,2024
ocf_me,value,0.002510933256544196,0.18747652504914414,0.8512870276628517,False,0.2,False,2024
ocfq_saleq_std,quality,-0.009028661936000635,-1.153849920807429,0.24856170357134966,False,0.5,False,2024
op_at,quality,0.02319277556794736,2.0796381922711884,0.03755873114312491,False,0.2,False,2024
op_atl1,quality,0.023820513782089183,2.1578199659361967,0.03094183193334521,False,0.25,False,2024
ope_be,quality,0.018635177532387928,2.0565277358294294,0.03973167566680447,False,0.05,False,2024
ope_bel1,quality,0.016021911746463863,2.001647387073602,0.045322668664849575,False,0.8,True,2024
opex_at,quality,-0.0009523847700440058,-0.08900553646505667,0.9290775101229634,False,0.35,False,2024
pi_nix,quality,-0.007326527615569141,-1.7130552455239503,0.08670237648607526,False,0.8,True,2024
ppeinv_gr1a,investment_growth,-0.004407527787135855,-0.8474613031796006,0.39673804738222107,False,0.65,True,2024
prc,risk_liquidity,0.02983045148844282,2.370466459713164,0.01776565574929423,False,0.35,False,2024
prc_highprc_252d,momentum,0.013024325902099329,0.6511723836634288,0.5149352152235094,False,0.6,True,2024
qmj,quality,0.017635803061515593,1.7354823874343686,0.08265539844952241,False,0.35,False,2024
qmj_growth,quality,0.006934282672039993,1.1999194951437502,0.2301706077945469,False,0.3,False,2024
qmj_prof,quality,0.02931795727502633,2.6285120303710796,0.008575932200529879,False,0.05,False,2024
qmj_safety,quality,0.015867826997982275,1.2026137923396147,0.2291258078815428,False,0.4,False,2024
rd_me,value,-0.0018151801207287868,-0.19002701898969296,0.849287958181763,False,0.5,False,2024
rd_sale,quality,0.008746167324895294,0.7569391455830144,0.4490863215754597,False,0.25,False,2024
rd5_at,quality,0.010017594652869595,1.1037875222269347,0.2696853188076789,False,0.4,False,2024
resff3_12_1,momentum,-0.006310094405422369,-0.6798110373107414,0.4966241170883352,False,0.7,True,2024
resff3_6_1,momentum,0.003848795018985599,0.4021638857638559,0.6875634185511394,False,0.45,False,2024
ret_1_0,momentum,-0.025384909222696463,-1.979337809024775,0.04777798541749978,False,0.9,True,2024
ret_12_1,momentum,0.003985623104002007,0.26146785560763425,0.7937317350412825,False,0.3,False,2024
ret_12_7,momentum,0.0006694770996643649,0.05973831152081391,0.9523640580260389,False,0.65,True,2024
ret_3_1,momentum,0.005144723002682341,0.41824128208069783,0.6757707156775847,False,0.8,True,2024
ret_6_1,momentum,0.007265154409094173,0.5053887518323958,0.6132858175916946,False,0.75,True,2024
ret_60_12,momentum,0.02480022796264043,2.9471734207781313,0.003206932965121201,False,0.65,True,2024
ret_9_1,momentum,0.00705923362519468,0.45401588586667513,0.6498173929602094,False,0.6,True,2024
rmax1_21d,risk_liquidity,-0.033171435173838644,-2.3344098321031073,0.019574272449671026,False,0.25,False,2024
rmax5_21d,risk_liquidity,-0.04089960797374678,-2.6415416946948,0.00825296482489768,False,0.7,True,2024
rmax5_rvol_21d,risk_liquidity,-0.016093923691453,-1.9875614621320632,0.04686021204160484,False,0.6,True,2024
rskew_21d,risk_liquidity,-0.007795741240458196,-1.4527842070603483,0.14628367819414323,False,0.75,True,2024
rvol_21d,risk_liquidity,-0.03441823415922172,-1.9843277958999173,0.047219309464334946,False,0.25,False,2024
sale_bev,quality,0.011056006387971306,1.3128411058514213,0.18923649554464372,False,0.55,False,2024
sale_emp_gr1,quality,-0.0041724444031528045,-0.8368821558871854,0.40265881145851856,False,0.6,True,2024
sale_gr1,investment_growth,0.005872456685160091,0.6705430376667043,0.502511680630938,False,0.45,False,2024
sale_gr3,investment_growth,0.009979397244150336,1.3947453995041426,0.1630926291740411,False,0.7,True,2024
sale_me,value,-0.003721852766232182,-0.25842648933291174,0.796077775201498,False,0.35,False,2024
saleq_gr1,investment_growth,0.01519726705139656,1.5277206075923222,0.12658192133759005,False,0.6,True,2024
saleq_su,quality,0.013722752973342895,1.6430335261014886,0.10037599687477061,False,0.85,True,2024
seas_1_1an,momentum,-0.01136625612586161,-1.2873117220339592,0.1979856594638587,False,0.75,True,2024
seas_1_1na,momentum,-0.001239385864803221,-0.07791691693963713,0.9378941425492742,False,0.6,True,2024
seas_2_5an,momentum,0.001040325644909278,0.14525516973883898,0.884509408616637,False,0.8,True,2024
seas_2_5na,momentum,0.019205302109995544,2.6943824699096752,0.00705191921338999,False,0.6,True,2024
sti_gr1a,investment_growth,0.0013664173547004005,0.33785007364330255,0.7354761729053028,False,0.55,False,2024
taccruals_at,investment_growth,-0.0011050546076053554,-0.14767401944679065,0.8826000362772348,False,0.2,False,2024
taccruals_ni,investment_growth,-0.00646487242704925,-1.1472691058192135,0.2512704182412637,False,0.35,False,2024
tangibility,quality,-0.024306582363936863,-3.1569198800110407,0.0015944514949559618,False,0.85,True,2024
tax_gr1a,quality,-0.006294751208176417,-1.3753944657622452,0.16900918380250785,False,0.85,True,2024
turnover_126d,risk_liquidity,-0.004690832409974703,-0.2986864123254954,0.7651793254538255,False,0.55,False,2024
turnover_var_126d,risk_liquidity,-0.0173148077670864,-1.9822464707097014,0.047451661898269215,False,0.4,False,2024
z_score,quality,0.015601872433550337,1.7796899282195406,0.0751267196709613,False,0.55,False,2024
zero_trades_126d,risk_liquidity,0.005223568568533207,0.33219350707880385,0.7397431462523627,False,0.2,False,2024
zero_trades_21d,risk_liquidity,0.0024723634983190835,0.16472997689793994,0.8691565211474743,False,0.75,True,2024
zero_trades_252d,risk_liquidity,0.005938356653760838,0.3831877519639022,0.7015805587609356,False,0.3,False,2024
miss_aliq_mat,quality,,,,False,,True,2024
miss_debt_gr3,investment_growth,,,,False,,True,2024
miss_dsale_dinv,quality,,,,False,,False,2024
miss_dsale_dsga,quality,,,,False,,True,2024
miss_f_score,quality,,,,False,,True,2024
miss_intrinsic_value,value,,,,False,,True,2024
miss_inv_gr1,investment_growth,,,,False,,False,2024
miss_ope_be,quality,,,,False,,False,2024
miss_ope_bel1,quality,,,,False,,True,2024
miss_pi_nix,quality,,,,False,,True,2024
miss_rd_me,value,,,,False,,False,2024
miss_rd_sale,quality,,,,False,,False,2024
miss_rd5_at,quality,,,,False,,False,2024
miss_ret_60_12,momentum,,,,False,,True,2024
miss_seas_2_5an,momentum,,,,False,,True,2024
miss_seas_2_5na,momentum,,,,False,,True,2024
age,risk_liquidity,0.02327660676438179,1.8572398562118122,0.0632770369029092,False,0.7,True,2025
aliq_at,quality,-0.019633527797200092,-2.0108457258387418,0.04434175458962519,False,0.45,False,2025
aliq_mat,quality,-0.021312989897403236,-2.291252862811063,0.021948793147789525,True,0.9,True,2025
ami_126d,risk_liquidity,-0.029260382738198358,-2.2578014282455845,0.023958042147329328,True,0.45,True,2025
at_be,quality,0.029848188024880214,2.71705371604279,0.006586591684910825,True,1.0,True,2025
at_gr1,investment_growth,-4.5277632901391127e-05,-0.005153390366815105,0.9958882075903108,False,0.45,False,2025
at_me,value,0.015646276726835107,0.8756424541475522,0.38122443824023633,False,0.65,True,2025
at_turnover,quality,0.017353559429579443,1.7231850973919065,0.0848550578049192,False,0.35,False,2025
be_gr1a,investment_growth,-0.0046884274695035534,-0.5822369679990345,0.5604070757515773,False,0.6,True,2025
be_me,value,0.004691174292337598,0.30832492448037147,0.7578351022641276,False,0.9,True,2025
beta_60m,risk_liquidity,-0.003229255881370162,-0.21030075734941123,0.8334329442259012,False,0.9,True,2025
beta_dimson_21d,risk_liquidity,-0.0016672494276885933,-0.13492925675947537,0.8926678075195909,False,0.85,True,2025
betabab_1260d,risk_liquidity,-0.0037953437055177667,-0.22621787797481402,0.8210319663833288,False,0.65,True,2025
betadown_252d,risk_liquidity,0.0003982354729851903,0.025774569414632284,0.9794371457760327,False,0.8,True,2025
bev_mev,value,0.005980860698762923,0.38896630336977506,0.6973010734101226,False,0.7,True,2025
bidaskhl_21d,risk_liquidity,-0.04719743619250593,-3.104860790521162,0.0019036859833541087,True,0.8,True,2025
capex_abn,investment_growth,0.000620868914601142,0.19144786108736386,0.8481747257287442,False,0.4,False,2025
capx_gr1,investment_growth,-0.006524350859737196,-1.3476786930312716,0.1777617479922038,False,0.75,True,2025
capx_gr2,investment_growth,-0.004783187435935506,-0.8270318912462753,0.4082189858890506,False,0.7,True,2025
capx_gr3,investment_growth,0.0008230134773871838,0.14783047065150962,0.8824765614318992,False,0.65,True,2025
cash_at,quality,-0.01606686809917107,-1.210752194954503,0.22599039174489866,False,0.6,True,2025
chcsho_12m,investment_growth,-0.02732097740231664,-2.51206795574667,0.012002597341853605,True,0.65,True,2025
coa_gr1a,investment_growth,0.005651845440506084,0.7557188645790861,0.44981777114807997,False,0.6,True,2025
col_gr1a,investment_growth,0.006183793326798059,0.7801729763436255,0.43528906642429854,False,0.55,False,2025
cop_at,quality,0.02368604684265537,2.5530101015265547,0.010679639883730108,True,0.2,True,2025
cop_atl1,quality,0.023232502812573823,2.4504793428170184,0.014266614847375791,True,0.8,True,2025
corr_1260d,risk_liquidity,0.035014092497663074,3.1696207926269726,0.0015263799897506924,True,0.75,True,2025
coskew_21d,risk_liquidity,-0.0031211476633524506,-0.3618169204939507,0.7174888468980785,False,0.9,True,2025
cowc_gr1a,investment_growth,-0.0018328828740526147,-0.41586607647075313,0.6775080041939061,False,0.5,False,2025
dbnetis_at,investment_growth,-0.006680070813975507,-1.025817506860421,0.3049776124113319,False,0.55,False,2025
debt_gr3,investment_growth,0.0036647177609401616,0.7494984169542143,0.45355685243040256,False,0.45,False,2025
debt_me,value,0.01847832690689013,1.300123733203643,0.19355856461207832,False,0.65,True,2025
dgp_dsale,quality,0.009742849863877832,1.4604349665833263,0.1441705686803818,False,0.95,True,2025
div12m_me,value,0.022196239783449777,1.7856278242060954,0.07415953867461167,False,0.45,False,2025
dolvol_126d,risk_liquidity,0.019127223777411457,1.4454576877999161,0.1483293697230892,False,0.5,False,2025
dolvol_var_126d,risk_liquidity,-0.03041390160697151,-2.9735299894879144,0.0029439563674866776,True,0.6,True,2025
dsale_dinv,quality,0.003882346918759147,0.9937285775163026,0.32035502597238974,False,0.75,True,2025
dsale_drec,quality,-0.013492086495668737,-3.0320587318955705,0.002428919393384854,True,0.75,True,2025
dsale_dsga,quality,-0.0045319080447401745,-0.7552290725218234,0.45011154760061434,False,0.65,True,2025
earnings_variability,quality,-0.013123982066306333,-2.0176373716694402,0.04362904174543902,False,0.55,False,2025
ebit_bev,quality,0.03624916764226197,3.6249220223373504,0.0002890486527078462,True,0.3,True,2025
ebit_sale,quality,0.037126479586660106,2.8989033312604464,0.0037447032937394376,True,0.45,True,2025
ebitda_mev,value,0.02609238113005146,1.6240091071538063,0.10437386488829126,False,0.9,True,2025
emp_gr1,investment_growth,-0.004775311057971029,-0.5244842932439323,0.599941741532771,False,0.5,False,2025
eq_dur,value,-0.009435034669397652,-0.6753555238101671,0.4994499155531531,False,0.45,False,2025
eqnetis_at,investment_growth,-0.03609906108682169,-3.262261283602777,0.0011052721857809367,True,0.5,True,2025
eqnpo_12m,investment_growth,0.025703899115922243,2.0810593672898836,0.03742847241472913,False,0.2,False,2025
eqnpo_me,value,0.03493053059007947,2.6076631775298535,0.009116260830818623,True,0.25,True,2025
eqpo_me,value,0.03253946908966167,2.6419376529350935,0.008243322876672954,True,0.55,True,2025
f_score,quality,0.0072482330992528115,0.9481357603039773,0.3430603453258687,False,1.0,True,2025
fcf_me,value,0.040839714105110725,3.6566284919423966,0.0002555543384592518,True,0.85,True,2025
fnl_gr1a,investment_growth,0.002341581001100811,0.4207599011429724,0.6739304152824193,False,0.5,False,2025
gp_at,quality,0.028269978365439097,2.6675033764112346,0.007641712131511991,True,0.95,True,2025
gp_atl1,quality,0.024965540486824363,2.3069806704291764,0.021055897714520322,True,0.35,True,2025
intrinsic_value,value,0.01359313258339753,1.3652724160108993,0.17216744528693795,False,0.75,True,2025
inv_gr1,investment_growth,-0.00567165939769363,-1.135722227060963,0.2560728351579873,False,0.2,False,2025
inv_gr1a,investment_growth,-0.004669297845819576,-0.8822631146326242,0.37763453815933135,False,0.8,True,2025
iskew_capm_21d,risk_liquidity,-0.007860667698984785,-1.6613737328604883,0.09663840988404027,False,0.55,False,2025
iskew_ff3_21d,risk_liquidity,-0.008222605367549906,-2.1846068565902206,0.02891768476821044,True,0.65,True,2025
iskew_hxz4_21d,risk_liquidity,-0.010014646112261851,-2.768299616773523,0.005634962555632006,True,0.75,True,2025
ivol_capm_21d,risk_liquidity,-0.04900241364326558,-3.2222925377364406,0.0012716922288522614,True,0.35,True,2025
ivol_capm_252d,risk_liquidity,-0.04450755791166189,-2.7605810820848524,0.005769863360584715,True,0.8,True,2025
ivol_ff3_21d,risk_liquidity,-0.05110245295326672,-3.5703323337931265,0.000356528604327222,True,0.5,True,2025
ivol_hxz4_21d,risk_liquidity,-0.049972770407439526,-3.534787055923484,0.0004081038952397087,True,0.35,True,2025
kz_index,quality,-0.007908853107577897,-0.9637858885577286,0.3351532829528272,False,0.55,False,2025
lnoa_gr1a,investment_growth,0.0029991107214539987,0.47213638828794796,0.6368294407698663,False,0.5,False,2025
lti_gr1a,investment_growth,0.006917776291618515,1.8340054033155662,0.06665319208246001,False,0.55,False,2025
market_equity,risk_liquidity,0.03167750253822265,2.486846932140878,0.01288808378949291,True,0.4,True,2025
mispricing_mgmt,investment_growth,0.010757355582718198,1.3630325329832853,0.17287225775463222,False,0.4,False,2025
mispricing_perf,quality,0.0366712488184672,2.8464681065881945,0.004420715727165847,True,0.5,True,2025
ncoa_gr1a,investment_growth,0.00497591285478587,0.8002799184387345,0.42354863531209896,False,0.2,False,2025
ncol_gr1a,investment_growth,0.009110299777499872,1.8509864424551672,0.06417150356176982,False,0.65,True,2025
netdebt_me,value,0.011346251179896854,1.049334596611754,0.29402414833686574,False,0.7,True,2025
netis_at,investment_growth,-0.024959535878081272,-2.4509783309062874,0.014246852963815781,True,0.55,True,2025
nfna_gr1a,investment_growth,-0.0023717754428577856,-0.5168843758165088,0.6052368750132435,False,0.35,False,2025
ni_ar1,quality,0.0009205069719385972,0.302446831988043,0.7623114585115296,False,0.65,True,2025
ni_be,quality,0.03752741488593393,3.328071825376992,0.0008744931713744464,True,0.2,True,2025
ni_inc8q,quality,0.009123892337285987,1.4448348438763388,0.14850428133360571,False,0.6,True,2025
ni_ivol,quality,-0.024428561808318563,-2.1551437299624907,0.031150588611698726,True,0.35,True,2025
ni_me,value,0.03300554103294064,2.4017806510566047,0.016315488376824616,True,0.55,True,2025
niq_at,quality,0.041511494735304834,3.51701560051839,0.00043642813055888574,True,0.8,True,2025
niq_at_chg1,quality,-0.0007575390814705861,-0.13999735897524612,0.8886620770714262,False,0.85,True,2025
niq_be,quality,0.04152290825805836,4.052183200411688,5.0741906705509265e-05,True,0.45,True,2025
niq_be_chg1,quality,0.005082748307554126,0.921289872984725,0.35689910691805427,False,0.4,False,2025
niq_su,quality,0.0065047457358201905,1.0524710430273372,0.2925834891664838,False,0.6,True,2025
nncoa_gr1a,investment_growth,0.0007670896278857951,0.1328198804288132,0.8943358313508103,False,0.45,False,2025
noa_at,investment_growth,0.009023215598558286,1.1388943303005308,0.2547472306863563,False,0.55,False,2025
noa_gr1a,investment_growth,-0.0007373524187618196,-0.12719144291000978,0.8987888779437354,False,0.45,False,2025
o_score,quality,-0.029158004001228893,-2.9136134231290582,0.0035727202370889888,True,0.45,True,2025
oaccruals_at,investment_growth,0.010825133030493006,1.2245673898566574,0.2207382609121189,False,0.35,False,2025
oaccruals_ni,investment_growth,-0.00891401147588559,-1.4200938894237538,0.15558034901059115,False,0.4,False,2025
ocf_at,quality,0.033840379233905246,3.003445881030147,0.0026694102084710014,True,0.5,True,2025
ocf_at_chg1,quality,-0.006763456591674267,-1.5168063588979417,0.12931558110204855,False,0.9,True,2025
ocf_me,value,0.024744571898123735,1.720454482888372,0.08534986071339823,False,0.25,False,2025
ocfq_saleq_std,quality,-0.012860016071815144,-1.6287012156843006,0.10337628529203946,False,0.8,True,2025
op_at,quality,0.032711362871472874,2.9552813505677036,0.003123840329923855,True,0.5,True,2025
op_atl1,quality,0.03088714660306225,2.8788793461966797,0.003990909855970282,True,0.5,True,2025
ope_be,quality,0.031828736419331385,3.1327467500219313,0.0017317879449718632,True,0.45,True,2025
ope_bel1,quality,0.024828604571439025,2.897047419750857,0.003766928127572511,True,0.9,True,2025
opex_at,quality,-0.003698027147476394,-0.3792028574029632,0.7045372298535977,False,0.4,False,2025
pi_nix,quality,-0.002163221970329265,-0.5105545281027155,0.6096630233628817,False,0.7,True,2025
ppeinv_gr1a,investment_growth,-0.004668440410300505,-0.9365287339374305,0.3490010254307201,False,0.45,False,2025
prc,risk_liquidity,0.03484722406629836,2.7825453910052733,0.005393432025249778,True,0.7,True,2025
prc_highprc_252d,momentum,0.02368122040896597,1.2775560166323825,0.20140601728729712,False,0.7,True,2025
qmj,quality,0.02052632188667138,2.141174995651788,0.032259928650572034,False,0.7,True,2025
qmj_growth,quality,0.007955591882865633,1.4470492192470559,0.14788313895180094,False,0.65,True,2025
qmj_prof,quality,0.04014265844878637,3.6319644306761774,0.0002812718977753814,True,0.25,True,2025
qmj_safety,quality,0.01488458052217343,1.272533997819848,0.20318345248749536,False,0.6,True,2025
rd_me,value,-0.008931448708559721,-1.0037105227432246,0.3155181635500901,False,0.55,False,2025
rd_sale,quality,-0.0028079211445907522,-0.2405611190302363,0.8098952877978398,False,0.45,False,2025
rd5_at,quality,0.0012795118977148039,0.14048850922165157,0.8882740307649728,False,0.7,True,2025
resff3_12_1,momentum,-0.0045209671098909296,-0.5308454595803561,0.5955258750808783,False,0.8,True,2025
resff3_6_1,momentum,0.005645354031064948,0.6421899115586744,0.520749882537058,False,0.75,True,2025
ret_1_0,momentum,-0.021176354812112407,-1.8738766859764298,0.060947423532986544,False,1.0,True,2025
ret_12_1,momentum,0.0011300448815901225,0.08159678754083594,0.9349673559487337,False,0.7,True,2025
ret_12_7,momentum,-0.005725589904554642,-0.5265145263587083,0.5985307617711029,False,0.8,True,2025
ret_3_1,momentum,0.00827503445392285,0.6995981820259813,0.4841782782195285,False,0.85,True,2025
ret_6_1,momentum,0.01167959657402315,0.8888457148445409,0.3740860033686024,False,0.85,True,2025
ret_60_12,momentum,0.021695637922935485,2.4821980650927977,0.013057467413289947,True,0.6,True,2025
ret_9_1,momentum,0.012269493418470967,0.8796862764720847,0.37902928581443507,False,0.9,True,2025
rmax1_21d,risk_liquidity,-0.042117064142973996,-2.989936490425422,0.0027903545704315302,True,0.5,True,2025
rmax5_21d,risk_liquidity,-0.05010009231493972,-3.3380650345218847,0.0008436400110025666,True,0.9,True,2025
rmax5_rvol_21d,risk_liquidity,-0.015404805939282836,-1.9500970749951305,0.05116454982673169,False,0.7,True,2025
rskew_21d,risk_liquidity,-0.00813417294457737,-1.5356407094279236,0.1246265240100124,False,0.55,False,2025
rvol_21d,risk_liquidity,-0.045983519882076045,-2.701989362608079,0.006892596750180058,True,0.4,True,2025
sale_bev,quality,0.010553134689308519,1.3963570222691246,0.16260701033337988,False,0.7,True,2025
sale_emp_gr1,quality,-0.003230133811539192,-0.7051673000431902,0.48070612845314176,False,0.75,True,2025
sale_gr1,investment_growth,-0.0002534240759300779,-0.027976897855745468,0.9776805767738221,False,0.75,True,2025
sale_gr3,investment_growth,0.007411869208784272,1.0450896485118468,0.2959815378385986,False,0.8,True,2025
sale_me,value,0.016076709607069153,1.0518103798237932,0.29288655583073164,False,0.25,False,2025
saleq_gr1,investment_growth,0.007183737113761896,0.7249314162150062,0.46849410641015243,False,0.55,False,2025
saleq_su,quality,0.010541430360291376,1.3476290295998719,0.17777772885702792,False,0.9,True,2025
seas_1_1an,momentum,-0.014867079376912794,-1.7559180417836147,0.07910240387022349,False,0.9,True,2025
seas_1_1na,momentum,-0.0015332965491974722,-0.10708646759836878,0.9147203827230423,False,0.7,True,2025
seas_2_5an,momentum,0.0012574977863540158,0.1898495161047019,0.849427053193264,False,0.95,True,2025
seas_2_5na,momentum,0.0133982503457009,1.764661748542302,0.07762063095132032,False,0.45,False,2025
sti_gr1a,investment_growth,0.0010812698583961779,0.29199924725582216,0.7702871995065532,False,0.7,True,2025
taccruals_at,investment_growth,0.003815008272477264,0.5384571108323926,0.590261507305033,False,0.5,False,2025
taccruals_ni,investment_growth,-0.005195785657367155,-0.9956658466568403,0.3194125296901962,False,0.6,True,2025
tangibility,quality,-0.03005256647495119,-3.7465427938390223,0.00017928842964742842,True,0.6,True,2025
tax_gr1a,quality,-0.0017844696364359579,-0.332928972681451,0.7391878987803864,False,0.7,True,2025
turnover_126d,risk_liquidity,-0.014305593439614562,-0.9405035833648271,0.34695931246139855,False,0.3,False,2025
turnover_var_126d,risk_liquidity,-0.029093419334896297,-2.9737474452467425,0.0029418710096302814,True,0.35,True,2025
z_score,quality,0.00495795632493643,0.5434970849752193,0.5867875973765493,False,0.45,False,2025
zero_trades_126d,risk_liquidity,0.013851238996007542,0.9182698324969676,0.35847761687668167,False,0.3,False,2025
zero_trades_21d,risk_liquidity,0.010586005238693038,0.7282653677385741,0.46645115800447634,False,0.85,True,2025
zero_trades_252d,risk_liquidity,0.013189050208277016,0.9010179785474425,0.36757876072389184,False,0.4,False,2025
miss_aliq_mat,quality,,,,False,,True,2025
miss_debt_gr3,investment_growth,,,,False,,False,2025
miss_dsale_dinv,quality,,,,False,,True,2025
miss_dsale_dsga,quality,,,,False,,True,2025
miss_f_score,quality,,,,False,,True,2025
miss_intrinsic_value,value,,,,False,,True,2025
miss_inv_gr1,investment_growth,,,,False,,False,2025
miss_ope_be,quality,,,,False,,True,2025
miss_ope_bel1,quality,,,,False,,True,2025
miss_pi_nix,quality,,,,False,,True,2025
miss_rd_me,value,,,,False,,False,2025
miss_rd_sale,quality,,,,False,,False,2025
miss_rd5_at,quality,,,,False,,True,2025
miss_ret_60_12,momentum,,,,False,,True,2025
miss_seas_2_5an,momentum,,,,False,,True,2025
miss_seas_2_5na,momentum,,,,False,,False,2025
age,risk_liquidity,0.026641390808696895,2.0840905874414863,0.03715192807617962,False,0.75,True,2026
aliq_at,quality,-0.024878540383037984,-2.6068097272726765,0.009139012877912522,True,0.3,True,2026
aliq_mat,quality,-0.011361678634302983,-1.2141525163681577,0.22468948895526797,False,0.55,False,2026
ami_126d,risk_liquidity,-0.023823495841250892,-1.8023182861779692,0.07149534313471273,False,0.3,False,2026
at_be,quality,0.03326260939312377,3.1804120931619155,0.0014706575137648503,True,0.9,True,2026
at_gr1,investment_growth,-0.007305190897267467,-0.8468624770735811,0.39707177937629456,False,0.4,False,2026
at_me,value,0.024293933299060228,1.4369163964796396,0.15074175037141146,False,0.6,True,2026
at_turnover,quality,0.014931768990344938,1.5523450102438372,0.1205796935126835,False,0.3,False,2026
be_gr1a,investment_growth,-0.009024409487663755,-1.1470232846009605,0.2513719976625475,False,0.7,True,2026
be_me,value,0.012296504611026946,0.8625032614861539,0.3884106391071529,False,0.8,True,2026
beta_60m,risk_liquidity,-0.008156672539232296,-0.5639819672586369,0.5727664045664311,False,0.8,True,2026
beta_dimson_21d,risk_liquidity,-0.012145921901627853,-0.8753534821221227,0.3813816022936578,False,0.85,True,2026
betabab_1260d,risk_liquidity,-0.011028695240471615,-0.7006730877925812,0.4835070548668887,False,0.8,True,2026
betadown_252d,risk_liquidity,-0.013930855610854786,-0.8480750090406959,0.3963961984299562,False,0.65,True,2026
bev_mev,value,0.014640657567270874,1.0011635435228952,0.31674774851243126,False,0.7,True,2026
bidaskhl_21d,risk_liquidity,-0.05872064242430769,-3.7614236826428087,0.0001689489721203863,True,0.8,True,2026
capex_abn,investment_growth,-0.0013744369928404253,-0.437537946514768,0.6617212626343043,False,0.35,False,2026
capx_gr1,investment_growth,-0.012498366563234983,-2.4485273843169093,0.014344152571718505,True,0.7,True,2026
capx_gr2,investment_growth,-0.011370592794603323,-1.9333640733356279,0.05319136376500255,False,0.65,True,2026
capx_gr3,investment_growth,-0.005749522076137638,-1.013470847343591,0.31083531406508147,False,0.7,True,2026
cash_at,quality,-0.02572794659401643,-1.991416984999107,0.04643506346304327,False,0.4,False,2026
chcsho_12m,investment_growth,-0.03388983745878497,-3.1846889771591718,0.0014490966106035508,True,0.5,True,2026
coa_gr1a,investment_growth,0.0035880400463320274,0.512099898486394,0.6085810955882254,False,0.5,False,2026
col_gr1a,investment_growth,0.004248813546874181,0.5849478447290262,0.5585827864338841,False,0.7,True,2026
cop_at,quality,0.021764371414600428,2.556211106008815,0.01058188987595532,True,0.25,True,2026
cop_atl1,quality,0.01957560607454148,2.246678960015094,0.024660551840911094,True,0.5,True,2026
corr_1260d,risk_liquidity,0.03330294411294282,3.1390270418467905,0.0016950980425014528,True,0.45,True,2026
coskew_21d,risk_liquidity,-0.008270578503067776,-0.9854023593082392,0.3244264712264773,False,0.75,True,2026
cowc_gr1a,investment_growth,-0.0014354997034001077,-0.33149536739366425,0.7402703396547858,False,0.8,True,2026
dbnetis_at,investment_growth,-0.009550580887059028,-1.450643161281883,0.14687925015267322,False,0.55,False,2026
debt_gr3,investment_growth,-0.0022520937289994777,-0.4374922839816478,0.6617543707032245,False,0.45,False,2026
debt_me,value,0.023149637314128762,1.692907149090858,0.09047314232477643,False,0.55,False,2026
dgp_dsale,quality,0.008659603524809958,1.4056630360953921,0.1598242081216914,False,0.8,True,2026
div12m_me,value,0.030870691841245867,2.518898743266055,0.01177225053867903,True,0.35,True,2026
dolvol_126d,risk_liquidity,0.01197832824079516,0.8809675074020852,0.3783354068985445,False,0.6,True,2026
dolvol_var_126d,risk_liquidity,-0.027360830675539648,-2.387169898819614,0.01697864276097283,True,0.7,True,2026
dsale_dinv,quality,0.005175329223986956,1.3389944765924944,0.18057247103546414,False,0.3,False,2026
dsale_drec,quality,-0.015568960156657879,-3.7386137969174786,0.0001850377312420104,True,0.95,True,2026
dsale_dsga,quality,-0.0042242589731661786,-0.7271666499714757,0.46712387346093465,False,0.6,True,2026
earnings_variability,quality,-0.01317758623982235,-2.2388933476524016,0.025162856436842906,True,0.45,True,2026
ebit_bev,quality,0.03954649999464066,4.12242427301676,3.749058760238455e-05,True,0.35,True,2026
ebit_sale,quality,0.04248591296962907,3.5413842916724936,0.00039803339449595576,True,0.35,True,2026
ebitda_mev,value,0.03543050050474913,2.2570817266296443,0.02400296848472694,True,0.85,True,2026
emp_gr1,investment_growth,-0.014917111793610053,-1.6301875532405552,0.10306186372495474,False,0.55,False,2026
eq_dur,value,-0.01745150179317186,-1.3085237359673991,0.19069572918547406,False,0.7,True,2026
eqnetis_at,investment_growth,-0.039842076499981595,-3.6907890060160735,0.00022355952401498236,True,0.35,True,2026
eqnpo_12m,investment_growth,0.033293961641254505,2.7361593090298904,0.006216092454813582,True,0.25,True,2026
eqnpo_me,value,0.04232062149457046,3.210932715869526,0.001323049088735706,True,0.3,True,2026
eqpo_me,value,0.03870497653238193,3.202106540174027,0.0013642653062719834,True,0.3,True,2026
f_score,quality,0.011090387488078545,1.5196999710548875,0.12858639889042145,False,0.95,True,2026
fcf_me,value,0.045974846759767124,4.175432279186319,2.9742072585658974e-05,True,0.8,True,2026
fnl_gr1a,investment_growth,-0.0014808431373072516,-0.2748638990137141,0.7834208036341868,False,0.6,True,2026
gp_at,quality,0.022327523455760778,2.257418194447588,0.023981955880028494,True,0.6,True,2026
gp_atl1,quality,0.017053981336674004,1.6734206455240757,0.09424451634666009,False,0.45,False,2026
intrinsic_value,value,0.012705620052677372,1.3851224650226772,0.16601502372754884,False,0.6,True,2026
inv_gr1,investment_growth,-0.008861149778499567,-1.72833208569829,0.08392870375904105,False,0.35,False,2026
inv_gr1a,investment_growth,-0.004583807130833124,-0.8058058446666616,0.42035480750448917,False,0.7,True,2026
iskew_capm_21d,risk_liquidity,-0.006299303393335952,-1.3885004385100777,0.16498471133017212,False,0.6,True,2026
iskew_ff3_21d,risk_liquidity,-0.005982090567000071,-1.6515324571007906,0.09862989890278473,False,0.45,False,2026
iskew_hxz4_21d,risk_liquidity,-0.006974143543081917,-1.9599270807129598,0.050004313849508986,False,0.5,False,2026
ivol_capm_21d,risk_liquidity,-0.060368784136567925,-3.8381401308480916,0.0001239697324360023,True,0.3,True,2026
ivol_capm_252d,risk_liquidity,-0.05523978930841577,-3.474936118916796,0.000510975017801174,True,0.7,True,2026
ivol_ff3_21d,risk_liquidity,-0.06131080596235384,-4.12289886883765,3.741339849128167e-05,True,0.65,True,2026
ivol_hxz4_21d,risk_liquidity,-0.059878475348959924,-4.079811874748602,4.50721622327066e-05,True,0.15,True,2026
kz_index,quality,-0.005118737967848405,-0.6372036545248044,0.523992197544396,False,0.5,False,2026
lnoa_gr1a,investment_growth,-0.0013960818078701282,-0.22898315240212302,0.8188820107023667,False,0.55,False,2026
lti_gr1a,investment_growth,0.008720002953632395,2.032451722828462,0.04210794643178639,False,0.4,False,2026
market_equity,risk_liquidity,0.026194941229934054,2.0641072645560987,0.03900754734455503,False,0.3,False,2026
mispricing_mgmt,investment_growth,0.016877865760494274,2.150680516503635,0.03150142523391364,True,0.3,True,2026
mispricing_perf,quality,0.0401004128367196,3.4453202269776257,0.0005703832315520074,True,0.5,True,2026
ncoa_gr1a,investment_growth,-0.0007053044511104997,-0.11579017169100195,0.9078188399741733,False,0.15,False,2026
ncol_gr1a,investment_growth,0.006600730956641846,1.4379779712892817,0.15044030456656454,False,0.75,True,2026
netdebt_me,value,0.01479043414256821,1.3877476768690165,0.1652138925632618,False,0.6,True,2026
netis_at,investment_growth,-0.02915339113981559,-2.8813366400165243,0.003959924478244448,True,0.5,True,2026
nfna_gr1a,investment_growth,-0.0009242389019085847,-0.21509853023406128,0.8296904997905084,False,0.15,False,2026
ni_ar1,quality,-0.0013520167427298422,-0.46275302999150014,0.6435414022390444,False,0.45,False,2026
ni_be,quality,0.04038923343541471,3.7445363295188487,0.00018072722605544378,True,0.25,True,2026
ni_inc8q,quality,0.008743621842592798,1.4449687656923016,0.14846665913735135,False,0.4,False,2026
ni_ivol,quality,-0.027251187562220693,-2.632606238385228,0.008473251859559161,True,0.55,True,2026
ni_me,value,0.039379407521763214,2.955963815443506,0.0031169365613501476,True,0.4,True,2026
niq_at,quality,0.04471182501233805,4.024287820085251,5.7147991223471806e-05,True,0.9,True,2026
niq_at_chg1,quality,0.001966633518911032,0.38547028731650734,0.6998890161729232,False,0.5,False,2026
niq_be,quality,0.04495615533762177,4.57208527847463,4.828943197976443e-06,True,0.5,True,2026
niq_be_chg1,quality,0.008517889320853385,1.6599390007220594,0.0969267245464418,False,0.6,True,2026
niq_su,quality,0.008766711292881046,1.544837873391612,0.12238548384284287,False,0.7,True,2026
nncoa_gr1a,investment_growth,-0.003852099989063632,-0.6914549586235573,0.4892796766947707,False,0.3,False,2026
noa_at,investment_growth,0.011043479385395972,1.4373606217389934,0.15061555176799724,False,0.5,False,2026
noa_gr1a,investment_growth,-0.00522830476357406,-0.9369378744041822,0.3487905155604851,False,0.25,False,2026
o_score,quality,-0.032706147815459774,-3.489946670980251,0.0004831169453454187,True,0.55,True,2026
oaccruals_at,investment_growth,0.01399094250608203,1.690545154953738,0.09092370712530173,False,0.4,False,2026
oaccruals_ni,investment_growth,-0.008963997525765884,-1.5332238438822827,0.1252207112697341,False,0.4,False,2026
ocf_at,quality,0.03640384002521418,3.4437939605606602,0.000573612652013944,True,0.45,True,2026
ocf_at_chg1,quality,-0.006626802306197643,-1.5503097531333483,0.12106718752194001,False,0.9,True,2026
ocf_me,value,0.03429233724054371,2.4309014650275524,0.015061309939881973,True,0.2,True,2026
ocfq_saleq_std,quality,-0.014512711669898511,-2.0000515299440855,0.045494699880108014,False,0.55,False,2026
op_at,quality,0.032802897896683315,3.1285901921731507,0.0017564709515875965,True,0.55,True,2026
op_atl1,quality,0.029466252024076937,2.9186707414071553,0.003515273054651713,True,0.25,True,2026
ope_be,quality,0.03509354112752812,3.5074240813463047,0.0004524674401868989,True,0.25,True,2026
ope_bel1,quality,0.026254052720820847,3.0794876067863735,0.0020735699731599944,True,0.85,True,2026
opex_at,quality,-0.007154877871850911,-0.7872542075438708,0.43113307032304826,False,0.45,False,2026
pi_nix,quality,-0.0004147604265112097,-0.10377892338145152,0.9173447928455505,False,0.35,False,2026
ppeinv_gr1a,investment_growth,-0.006041947262707737,-1.2168000877339802,0.22368028665163076,False,0.55,False,2026
prc,risk_liquidity,0.0321820194586388,2.744758176659743,0.006055550156953249,True,0.55,True,2026
prc_highprc_252d,momentum,0.034497824554382196,1.9053922114186053,0.05672910689527222,False,0.7,True,2026
qmj,quality,0.020996146009911117,2.4331625751079526,0.014967578752320465,True,0.35,True,2026
qmj_growth,quality,0.007350142343709436,1.4765244940717175,0.13980314470753075,False,0.8,True,2026
qmj_prof,quality,0.03861128785146612,3.7814626247726917,0.00015590963235800892,True,0.3,True,2026
qmj_safety,quality,0.017650482688203226,1.6177363098430717,0.10571943734897005,False,0.4,False,2026
rd_me,value,-0.013185050747445352,-1.5810276960540497,0.11387170522848189,False,0.55,False,2026
rd_sale,quality,-0.00967993139480467,-0.8682600669883483,0.3852519777750967,False,0.45,False,2026
rd5_at,quality,-0.0032493329333088345,-0.37257638182198916,0.7094637537604953,False,0.7,True,2026
resff3_12_1,momentum,-0.0011155905472373664,-0.1447064092498204,0.8849426785771002,False,0.8,True,2026
resff3_6_1,momentum,0.005379792688773301,0.6863686184620326,0.492480688348075,False,0.7,True,2026
ret_1_0,momentum,-0.0187157008902247,-1.6859031403819094,0.09181445698593849,False,0.95,True,2026
ret_12_1,momentum,0.009999304789777664,0.7852790634055659,0.4322899683994992,False,0.45,False,2026
ret_12_7,momentum,0.004709272352401723,0.4655895167969964,0.6415093481562417,False,0.65,True,2026
ret_3_1,momentum,0.010571852597432695,0.9186288520385321,0.3582897354847612,False,0.7,True,2026
ret_6_1,momentum,0.01569543644504761,1.2477260420447516,0.21213140098886263,False,0.7,True,2026
ret_60_12,momentum,0.011933067930623327,1.339171933767262,0.18051470701814498,False,0.4,False,2026
ret_9_1,momentum,0.017968307205242458,1.3808309473003466,0.16733094566697004,False,0.65,True,2026
rmax1_21d,risk_liquidity,-0.05422601420058523,-3.606883933264454,0.0003098961942022971,True,0.2,True,2026
rmax5_21d,risk_liquidity,-0.062288643184550366,-3.900480507382474,9.600195597103678e-05,True,0.8,True,2026
rmax5_rvol_21d,risk_liquidity,-0.018560855876739085,-2.2994042677654862,0.021481993833208257,True,0.7,True,2026
rskew_21d,risk_liquidity,-0.00904575268731636,-1.8516637279831052,0.06407412565579484,False,0.5,False,2026
rvol_21d,risk_liquidity,-0.05932568063926317,-3.33639364799849,0.0008487289471668102,True,0.35,True,2026
sale_bev,quality,0.008944076647262383,1.3052790621366008,0.1917978409829657,False,0.75,True,2026
sale_emp_gr1,quality,-0.004304268174400674,-0.8962002020883155,0.37014584778974746,False,0.5,False,2026
sale_gr1,investment_growth,-0.008823207667140641,-0.973392217703592,0.33035840526406,False,0.35,False,2026
sale_gr3,investment_growth,-0.001519840828660301,-0.20729998704233482,0.8357755842656958,False,0.6,True,2026
sale_me,value,0.021791348027070136,1.468879317694669,0.14186552531886965,False,0.2,False,2026
saleq_gr1,investment_growth,0.0026280464276861905,0.27981766100333566,0.779617401231649,False,0.9,True,2026
saleq_su,quality,0.01176847322451714,1.647713393279002,0.09941149835077523,False,0.7,True,2026
seas_1_1an,momentum,-0.008820976063231113,-1.1268132848685246,0.2598214324620325,False,0.6,True,2026
seas_1_1na,momentum,0.0049041440998278,0.3758797887694871,0.7070062667910293,False,0.8,True,2026
seas_2_5an,momentum,-0.003120951583999948,-0.47899994599627116,0.6319386670724079,False,0.8,True,2026
seas_2_5na,momentum,0.0023432690792576315,0.27939347737473785,0.7799428761656728,False,0.3,False,2026
sti_gr1a,investment_growth,0.0007813209909544071,0.19506722868292062,0.8453403174487839,False,0.55,False,2026
taccruals_at,investment_growth,0.0062640370545297705,0.9732405022781165,0.330433785328617,False,0.45,False,2026
taccruals_ni,investment_growth,-0.004225066092985049,-0.8943482426809106,0.3711355955757676,False,0.55,False,2026
tangibility,quality,-0.028889899025451866,-3.927952310147595,8.567219354849165e-05,True,0.55,True,2026
tax_gr1a,quality,0.0011106050398083532,0.20621497828392835,0.8366229883095788,False,0.8,True,2026
turnover_126d,risk_liquidity,-0.023527957348540764,-1.5197844106540659,0.12856516843004706,False,0.3,False,2026
turnover_var_126d,risk_liquidity,-0.025487531296462126,-2.278708105482581,0.022684422602389676,True,0.5,True,2026
z_score,quality,-0.00022893393219534995,-0.0251507440085691,0.9799347250999508,False,0.5,False,2026
zero_trades_126d,risk_liquidity,0.02360678209460287,1.513908167743087,0.13004913227819737,False,0.3,False,2026
zero_trades_21d,risk_liquidity,0.019774272498626184,1.308554976799801,0.19068514038383233,False,0.65,True,2026
zero_trades_252d,risk_liquidity,0.023134479102303655,1.5342409991135133,0.12497037473386796,False,0.45,False,2026
miss_aliq_mat,quality,,,,False,,False,2026
miss_debt_gr3,investment_growth,,,,False,,False,2026
miss_dsale_dinv,quality,,,,False,,False,2026
miss_dsale_dsga,quality,,,,False,,True,2026
miss_f_score,quality,,,,False,,True,2026
miss_intrinsic_value,value,,,,False,,True,2026
miss_inv_gr1,investment_growth,,,,False,,False,2026
miss_ope_be,quality,,,,False,,True,2026
miss_ope_bel1,quality,,,,False,,True,2026
miss_pi_nix,quality,,,,False,,False,2026
miss_rd_me,value,,,,False,,False,2026
miss_rd_sale,quality,,,,False,,False,2026
miss_rd5_at,quality,,,,False,,True,2026
miss_ret_60_12,momentum,,,,False,,False,2026
miss_seas_2_5an,momentum,,,,False,,True,2026
miss_seas_2_5na,momentum,,,,False,,False,2026
