,permno,ticker,company_name,avg_weight,label
long,21357,DOCS,"Doximity, Inc.",0.011988499268715187,"DOCS, Doximity, Inc."
long,18968,PGNY,PROGYNY INC,0.010618584350658891,"PGNY, PROGYNY INC"
long,88860,ALGN,ALIGN TECHNOLOGY INC,0.007030100546147365,"ALGN, ALIGN TECHNOLOGY INC"
long,82272,MD,"Pediatrix Medical Group, Inc.",0.007010174097721497,"MD, Pediatrix Medical Group, Inc."
long,14970,HUBS,HUBSPOT INC,0.006822643856915477,"HUBS, HUBSPOT INC"
long,22084,GTLB,Gitlab Inc.,0.006717194750205695,"GTLB, Gitlab Inc."
long,21055,GCO,GENESCO INC,0.006518186640889427,"GCO, GENESCO INC"
long,16309,TTD,"Trade Desk, Inc.",0.006444400580401834,"TTD, Trade Desk, Inc."
long,21896,TOST,"Toast, Inc.",0.006304712634617984,"TOST, Toast, Inc."
long,52337,THC,TENET HEALTHCARE CORP,0.006288353802289204,"THC, TENET HEALTHCARE CORP"
short,14813,MARA,"MARA Holdings, Inc.",-0.009389886575969878,"MARA, MARA Holdings, Inc."
short,90126,CYTK,CYTOKINETICS INC,-0.008764507149898284,"CYTK, CYTOKINETICS INC"
short,17104,APLS,APELLIS PHARMACEUTICALS INC,-0.008285501805508995,"APLS, APELLIS PHARMACEUTICALS INC"
short,22265,RIVN,"Rivian Automotive, Inc. / DE",-0.008148095294219823,"RIVN, Rivian Automotive, Inc. / DE"
short,19599,QS,QuantumScape Corp,-0.008138516340811317,"QS, QuantumScape Corp"
short,21927,DJT,Trump Media & Technology Group Corp.,-0.00797458985969539,"DJT, Trump Media & Technology Group Corp."
short,92213,RIOT,"Riot Platforms, Inc.",-0.007053935585133155,"RIOT, Riot Platforms, Inc."
short,19593,MIR,MIRION TECHNOLOGIES INC,-0.006504304568335758,"MIR, MIRION TECHNOLOGIES INC"
short,91832,MDGL,MADRIGAL PHARMACEUTICALS INC,-0.006446326789226283,"MDGL, MADRIGAL PHARMACEUTICALS INC"
short,15222,IOVA,IOVANCE BIOTHERAPEUTICS INC,-0.006306601538499192,"IOVA, IOVANCE BIOTHERAPEUTICS INC"
