l2,tc,avg_names_per_side,avg_turnover,score
100.0,0.1,183.35416666666666,0.23656857660881808,42.868880175343946
100.0,0.3,180.79166666666666,0.20498050679378513,45.04459064759889
100.0,1.0,171.25,0.17220496388841647,40.41925541673753
100.0,3.0,166.3125,0.16480739674637085,36.59139048804437
300.0,0.1,206.85416666666666,0.258128636711876,63.13487115988525
300.0,0.3,206.4375,0.24235933547647093,65.08359967852935
300.0,1.0,204.5,0.21549208333787867,67.1761874993182
300.0,3.0,200.85416666666666,0.1968702124368804,66.32363480113459
1000.0,0.1,210.8125,0.27461369961141063,64.6204450582884
1000.0,0.3,210.70833333333334,0.2684074720450041,65.44721252658273
1000.0,1.0,210.0,0.25283679717656105,67.07448042351584
1000.0,3.0,210.33333333333334,0.229500080112034,70.90832131652824
3000.0,0.1,211.35416666666666,0.28093601466352597,64.21376446713776
3000.0,0.3,211.29166666666666,0.278600991852911,64.50151788873
3000.0,1.0,211.14583333333334,0.2714984528717372,65.42106540257276
3000.0,3.0,210.66666666666666,0.2568763480795301,67.13521445473714
