,0
avg_n_long,173.36764705882354
avg_n_short,164.86764705882354
gross_avg,2.0
gross_min,1.9999999999999996
gross_max,2.0000000000000004
net_avg,1.6224766628253667e-17
net_min,-5.273559366969494e-16
net_max,3.608224830031759e-16
filer_net_avg,-0.004749386670816953
filer_net_min,-0.03000332924082154
filer_net_max,0.030002591254853356
relax_share,0.0
avg_abs_weight,0.00591304347826087
max_abs_weight,0.015
top10_share_gross_avg,0.07496744280046588
turnover_avg,0.20582541974542673
turnover_min,0.10764093373119324
turnover_max,0.3833340434807344
beta_exante_avg,-0.015850939208703948
missing_ret_weight_avg,0.011615607062536866
