model,oos_r2,oos_r2_demeaned,mean_ic,ic_tstat
pred_ols,-0.00013334073105575328,-6.970223307289913e-05,0.040735519556608465,3.455041666240479
pred_ridge,0.0005200945966897796,0.0008055724642992423,0.0653618687891296,3.570090982966173
pred_lasso,5.746942529638588e-06,0.00028664638148556687,0.04517780233921431,2.467414014277977
pred_enet,-0.00017450249779527027,0.00011433471838007137,0.04514950703305856,2.3607877639069637
pred_lgbm_all,0.001910000359895303,0.002061504964471217,0.052589413643341146,4.1429647465881585
pred_spec_value,0.001501266958394698,0.0006214315588590757,0.040405408934461796,4.42344816409017
pred_spec_momentum,0.00033942218124471957,0.00019287391838784806,0.048827462216013126,4.301607878484968
pred_spec_quality,0.0002699132928813963,0.0004852267896111595,0.0325680287321226,3.3495389327959506
pred_spec_investment_growth,-1.5658299047149882e-05,0.0005265451683182931,0.032658233685035405,3.3536051896537935
pred_spec_risk_liquidity,0.0009184520899578885,0.0006914153253541055,0.04668952848670653,3.924325649016373
pred_spec_text,-0.0015178930998938078,-0.001395577085628874,0.0022701670946132426,0.7473194425564702
pred_gate,0.0006432159734985898,0.0007189900956489081,0.03900116364018207,3.066039153849847
pred_gate_notext,0.0006498793191652696,0.0007264434303688727,0.0393096575519505,3.0749552072396873
pred_ew_ret,0.0018092867814170077,0.001907958673077026,0.05853837708000268,4.742017582824835
pred_ew,,,0.05765539983494005,4.59635426752772
pred_ew_notext,,,0.059301392046032755,4.592239148279977
