Date,total_ret,rf_m,bench_ret,active_ret,ls_ret,long_ret,short_ret,sp500_ret,total_ret_net,active_ret_net
2021-01-01,-0.01202226088356987,6.666666666666667e-05,0.0034000000000000002,-0.01542226088356987,-0.012088927550236536,0.06597118421745006,-0.0780601117676866,-0.0100962491761923,-0.01402226088356987,-0.01742226088356987
2021-02-01,0.03878587890423701,3.3333333333333335e-05,0.0033666666666666667,0.035419212237570344,0.03875254557090367,0.06404107094154048,-0.0252885253706368,0.027574537649545,0.03808996835925426,0.034723301692587596
2021-03-01,0.09918909603989555,2.4999999999999998e-05,0.0033583333333333334,0.09583076270656221,0.09916409603989555,0.011164312862661759,0.0879997831772338,0.0437956073426448,0.09851555812034625,0.09515722478701291
2021-04-01,0.10406834476639923,1.6666666666666667e-05,0.00335,0.10071834476639922,0.10405167809973256,0.0439138430214891,0.06013783507824347,0.053369027112194,0.10336924834204339,0.10001924834204337
2021-05-01,0.037113659178812375,1.6666666666666667e-05,0.00335,0.033763659178812376,0.03709699251214571,0.00712680552806275,0.029970186984082957,0.00698412726992,0.03646109761408752,0.03311109761408752
2021-06-01,-0.0017174705838206743,3.3333333333333335e-05,0.0033666666666666667,-0.005084137250487341,-0.0017508039171540077,0.052492436471186274,-0.05424324038834028,0.0233454768955689,-0.0024319701492335625,-0.005798636815900229
2021-07-01,0.14192863723190274,4.166666666666667e-05,0.0033750000000000004,0.13855363723190275,0.14188697056523608,-0.011118811512055298,0.15300578207729137,0.0237543225937211,0.14135033141161876,0.13797533141161877
2021-08-01,-0.007964967905068886,4.166666666666667e-05,0.0033750000000000004,-0.011339967905068887,-0.008006634571735553,0.021422110178854148,-0.0294287447505897,0.0304056508125123,-0.008455649899605304,-0.011830649899605306
2021-09-01,0.01309391848860644,3.3333333333333335e-05,0.0033666666666666667,0.009727251821939772,0.013060585155273106,-0.04755710361780295,0.06061768877307606,-0.0465093841750909,0.012448897973916215,0.009082231307249548
2021-10-01,0.05544465031552057,4.166666666666667e-05,0.0033750000000000004,0.05206965031552057,0.055402983648853904,0.026836643817937177,0.028566339830916727,0.0700612960613442,0.0550140865805958,0.051639086580595794
2021-11-01,0.04183128232800258,4.166666666666667e-05,0.0033750000000000004,0.03845628232800258,0.04178961566133591,-0.057272630527246425,0.09906224618858234,-0.006928760290665,0.04113140754145737,0.037756407541457364
2021-12-01,0.17970361227260268,4.9999999999999996e-05,0.0033833333333333337,0.17632027893926935,0.17965361227260268,0.041093073328061405,0.1385605389445413,0.0448164181071606,0.17899561404442052,0.1756122807110872
2022-01-01,0.1683616924546128,0.000125,0.0034583333333333337,0.16490335912127946,0.1682366924546128,-0.0818778316987267,0.2501145241533395,-0.0517468496430946,0.1673583001661144,0.16389996683278105
2022-02-01,0.03563886317506549,0.000275,0.0036083333333333336,0.03203052984173216,0.03536386317506549,0.03129160496696292,0.00407225820810257,-0.0299421544244017,0.03454965422054191,0.03094132088720858
2022-03-01,0.02783050512834649,0.00036666666666666667,0.0037,0.02413050512834649,0.027463838461679824,0.03157989458842202,-0.004116056126742193,0.0371299914328324,0.02692805134121727,0.02322805134121727
2022-04-01,0.08516046932317321,0.0006333333333333333,0.003966666666666667,0.08119380265650655,0.08452713598983988,-0.10296641437130497,0.18749355036114485,-0.087201580874526,0.08421078239815971,0.08024411573149305
2022-05-01,0.04074486416324014,0.0008166666666666666,0.00415,0.03659486416324014,0.039928197496573475,-0.04433450258095614,0.08426270007752962,0.0018339496281456,0.03974686478583775,0.03559686478583775
2022-06-01,0.13051493427229416,0.0012416666666666667,0.004575,0.12593993427229416,0.1292732676056275,-0.043346716171211414,0.1726199837768389,-0.0825436110733131,0.1295505442478019,0.12497554424780191
2022-07-01,-0.028782902946821082,0.0018583333333333334,0.005191666666666667,-0.03397456961348775,-0.030641236280154416,0.0958132882929082,-0.1264545245730626,0.0922044440182046,-0.029963454544056703,-0.03515512121072337
2022-08-01,-0.027551886009962036,0.0021916666666666664,0.005525,-0.03307688600996204,-0.029743552676628704,-0.04246008450293435,0.012716531826305647,-0.0407813609655759,-0.028446060903907833,-0.033971060903907835
2022-09-01,0.03853654141192197,0.002608333333333333,0.005941666666666666,0.032594874745255305,0.03592820807858864,-0.07477689790284194,0.11070510598143057,-0.0920994877676928,0.037630785792055296,0.03168911912538863
2022-10-01,0.030395909668217855,0.0031000000000000003,0.006433333333333334,0.023962576334884522,0.027295909668217856,0.08059206810674845,-0.05329615843853059,0.0809612932978773,0.02955292744464196,0.023119594111308626
2022-11-01,0.04822701517482258,0.0034583333333333337,0.006791666666666667,0.04143534850815591,0.044768681841489244,0.012428113096338431,0.03234056874515081,0.0558847255371912,0.04742664144595669,0.04063497477929002
2022-12-01,0.07562687728878208,0.0035416666666666665,0.006875,0.06875187728878207,0.07208521062211541,-0.048138768424385706,0.12022397904650112,-0.0576146555045805,0.07466761264618105,0.06779261264618104
2023-01-01,-0.004840516532241795,0.0037833333333333334,0.007116666666666667,-0.011957183198908462,-0.008623849865575128,0.12559435393030938,-0.1342182037958845,0.0628342633123932,-0.006373852706164733,-0.0134905193728314
2023-02-01,0.012558858374187045,0.0038750000000000004,0.007208333333333334,0.005350525040853711,0.008683858374187045,-0.03623938599546253,0.044923244369649576,-0.0243997939438131,0.011306543736707668,0.004098210403374334
2023-03-01,-0.008001921515213561,0.003908333333333334,0.007241666666666667,-0.015243588181880229,-0.011910254848546895,-0.04151583330035258,0.029605578451805684,0.0367143193584478,-0.008980239323172427,-0.016221905989839094
2023-04-01,-0.027403322038877076,0.0041,0.0074333333333333335,-0.03483665537221041,-0.031503322038877075,-0.04444093976420058,0.012937617725323501,0.0156088839991748,-0.028417243268189535,-0.03585057660152287
2023-05-01,0.05138572879529525,0.0042833333333333334,0.007616666666666667,0.043769062128628584,0.04710239546196192,0.02625296126746724,0.020849434194494677,0.0043468892430296,0.050554616336242454,0.04293794966957579
2023-06-01,0.02072257241543321,0.0043,0.007633333333333334,0.013089239082099876,0.016422572415433212,0.05214746815012868,-0.03572489573469547,0.0660755194845079,0.01983042039047389,0.012197087057140557
2023-07-01,0.05782111425070173,0.004375,0.007708333333333334,0.0501127809173684,0.05344611425070173,0.09045556308217548,-0.037009448831473744,0.0321244992645903,0.05692431700919895,0.04921598367586562
2023-08-01,0.009648087000931713,0.004416666666666667,0.00775,0.0018980870009317127,0.005231420334265047,-0.07829175194066146,0.0835231722749265,-0.0159211019627514,0.008835310942535247,0.001085310942535246
2023-09-01,-0.019132765177722815,0.004433333333333333,0.0077666666666666665,-0.026899431844389483,-0.02356609851105615,-0.0929650727142543,0.06939897420319815,-0.047678138519953,-0.02009186119137829,-0.02785852785804496
2023-10-01,0.027073495684312127,0.00445,0.007783333333333333,0.019290162350978794,0.022623495684312128,-0.11022252547202227,0.1328460211563344,-0.0210269412932894,0.026230733412068438,0.018447400078735104
2023-11-01,0.05315569072491465,0.004391666666666666,0.007724999999999999,0.04543069072491465,0.04876402405824798,0.11431990837229603,-0.06555588431404805,0.0913258604907565,0.052331386079409445,0.04460638607940945
2023-12-01,0.02482450606126808,0.004366666666666667,0.0077,0.01712450606126808,0.020457839394601413,0.1839664311586936,-0.1635085917640922,0.0454306771492141,0.024006928928690226,0.016306928928690224
2024-01-01,0.0536089880894356,0.00435,0.007683333333333334,0.04592565475610227,0.0492589880894356,-0.03622844855980947,0.08548743664924507,0.0168040917961158,0.052415180528225726,0.04473184719489239
2024-02-01,-0.11997300048182356,0.004366666666666667,0.0077,-0.12767300048182356,-0.12433966714849023,0.025777148332345505,-0.15011681548083575,0.0533958846368125,-0.12091585791705009,-0.1286158579170501
2024-03-01,0.010468235940570727,0.004366666666666667,0.0077,0.0027682359405707263,0.006101569273904059,-0.004516411025028464,0.010617980298932524,0.0321746855313846,0.00958849173825713,0.0018884917382571299
2024-04-01,0.0722356193195854,0.004366666666666667,0.0077,0.0645356193195854,0.06786895265291873,-0.09616208221485117,0.1640310348677699,-0.0408450587377094,0.07156710013444312,0.06386710013444312
2024-05-01,0.05212665531045352,0.004375,0.007708333333333334,0.04441832197712019,0.047751655310453514,0.0491825614659697,-0.0014309061555161868,0.0495851799010209,0.05129573856571512,0.04358740523238179
2024-06-01,0.03865937152258114,0.004366666666666667,0.0077,0.030959371522581144,0.03429270485591448,-0.0035636096289322003,0.03785631448484668,0.0358817705816021,0.03798132191438342,0.030281321914383423
2024-07-01,0.012612209579300848,0.004333333333333333,0.007666666666666667,0.004945542912634181,0.008278876245967515,0.09135529040100315,-0.08307641415503564,0.0121724718652345,0.011607880398050108,0.00394121373138344
2024-08-01,0.07130125592663526,0.004208333333333333,0.007541666666666667,0.0637595892599686,0.06709292259330193,-0.0002583238153324903,0.06735124640863442,0.0242563611406865,0.07066913576967158,0.06312746910300492
2024-09-01,0.009198033787893824,0.003933333333333333,0.007266666666666666,0.0019313671212271583,0.0052647004545604914,0.0035100404417479805,0.001754660012812511,0.0213570518585368,0.008479914807267555,0.0012132481406008887
2024-10-01,-0.12845920502888977,0.003758333333333333,0.007091666666666666,-0.13555087169555644,-0.1322175383622231,-0.028398483182041787,-0.10381905518018131,-0.0090680076563064,-0.12907256456022947,-0.13616423122689614
2024-11-01,0.017551708073566433,0.003683333333333333,0.007016666666666667,0.010535041406899766,0.0138683747402331,0.09271443792872648,-0.07884606318849338,0.0587005680188281,0.01678810281204018,0.009771436145373513
2024-12-01,0.06503854133911961,0.003558333333333333,0.006891666666666667,0.05814687467245295,0.06148020800578628,-0.039352603001366684,0.10083281100715297,-0.0238380943640855,0.06431894544668602,0.05742727878001935
2025-01-01,0.0630149363460868,0.0035083333333333334,0.006841666666666667,0.056173269679420136,0.05950660301275347,0.030684387558404684,0.028822215454348783,0.0278473183184255,0.0620701479594678,0.05522848129280113
2025-02-01,0.09418028653499952,0.0035166666666666666,0.00685,0.08733028653499952,0.09066361986833285,-0.06930836123757611,0.15997198110590896,-0.0130476376819155,0.09323564209239597,0.08638564209239598
2025-03-01,0.06826734737279608,0.0035,0.006833333333333334,0.06143401403946275,0.06476734737279607,-0.0762272145356801,0.14099456190847617,-0.0563442804466285,0.06725621991415905,0.060422886580825716
2025-04-01,-0.06367764675538198,0.0035083333333333334,0.006841666666666667,-0.07051931342204865,-0.06718598008871532,-0.02171627488231055,-0.04546970520640477,-0.006781463483622,-0.06476300295914299,-0.07160466962580965
2025-05-01,-0.08697639510770083,0.0035416666666666665,0.006875,-0.09385139510770084,-0.0905180617743675,0.052710157576275146,-0.14322821935064264,0.0629452352445778,-0.08784754784787406,-0.09472254784787407
2025-06-01,0.04093708247713468,0.0035250000000000004,0.006858333333333334,0.034078749143801344,0.03741208247713468,0.06174585648426002,-0.024333774007125344,0.0508524387514164,0.0400346218104999,0.03317628847716657
2025-07-01,-0.03862205790086841,0.0035416666666666665,0.006875,-0.04549705790086841,-0.042163724567535074,0.014984331398935222,-0.057148055966470296,0.0224426828013331,-0.03963268737687048,-0.04650768737687048
2025-08-01,0.08184994463739942,0.0034333333333333334,0.006766666666666667,0.07508327797073275,0.07841661130406609,0.08994499351034241,-0.011528382206276323,0.0202717833333831,0.08112215511621114,0.07435548844954447
2025-09-01,-0.1326500503620029,0.0032666666666666664,0.0066,-0.1392500503620029,-0.13591671702866956,-0.0008673454059334811,-0.1350493716227361,0.03649995166573,-0.13362510735021343,-0.14022510735021343
2025-10-01,-0.034284676904311,0.003183333333333333,0.006516666666666667,-0.04080134357097767,-0.03746801023764433,-0.008698721184241951,-0.028769289053402383,0.0234137099844868,-0.034893213846354375,-0.041409880513021045
2025-11-01,0.1592362382524859,0.00315,0.006483333333333334,0.15275290491915255,0.1560862382524859,0.02549551364098497,0.13059072461150095,0.0024508748642451,0.15862924240958876,0.15214590907625541
2025-12-01,0.02308302871116742,0.0029916666666666663,0.006325,0.016758028711167418,0.020091362044500752,-0.025213390160646942,0.045304752205147694,0.0006120873971435,0.022364584374549145,0.016039584374549144
2026-01-01,0.0017909150196439446,0.0029749999999999998,0.006308333333333333,-0.004517418313689389,-0.0011840849803560552,-0.002644229867300122,0.0014601448869440668,0.0145002409574237,0.0009221007613367081,-0.005386232571996626
2026-02-01,0.04324283756891474,0.003,0.006333333333333333,0.03690950423558141,0.04024283756891474,-0.010912360204156462,0.0511551977730712,-0.0075998603063116,0.04265157955035606,0.03631824621702273
2026-03-01,0.01022166875898249,0.0030083333333333333,0.006341666666666667,0.003880002092315822,0.007213335425649156,-0.061843158956287766,0.06905649438193692,-0.04979507787971,0.009523486917818402,0.003181820251151735
2026-04-01,-0.019215534847649485,0.0030083333333333333,0.006341666666666667,-0.025557201514316154,-0.02222386818098282,0.08723775661825639,-0.10946162479923921,0.1049265711115499,-0.019883584782569255,-0.026225251449235924
2026-05-01,-0.03457101553488447,0.003,0.006333333333333333,-0.040904348868217796,-0.03757101553488447,0.05441691092166147,-0.09198792645654594,0.052633054896042,-0.035077996754368,-0.04141133008770133
2026-06-01,0.14832836431877636,0.00305,0.006383333333333334,0.14194503098544303,0.14527836431877636,0.08058029622986185,0.06469806808891451,-0.0095232339806979,0.1477931417775296,0.1414098084441963
2026-07-01,0.11681280454395954,0.003108333333333333,0.006441666666666667,0.11037113787729287,0.1137044712106262,-0.01355369600312665,0.12725816721375285,-0.0006349317981017,0.11625475941543859,0.10981309274877192
2026-08-01,-0.046032541153170035,0.0031000000000000003,0.006433333333333334,-0.05246587448650337,-0.049132541153170034,0.024230349195380654,-0.07336289034855069,0.0272330785351428,-0.046582441098480615,-0.05301577443181395
